char_entropy,gzip_ratio,clean_text_words,rating_real,rating_pred_cv,abs_error
4.06836,0.331092,36891,8.8,6.6543403389464135,2.145659661053587
4.079869,0.359125,31971,8.6,6.6787109793943955,1.9212890206056041
4.107617,0.378364,6603,8.4,6.4924263185183255,1.9075736814816748
4.10307,0.365362,24513,8.6,6.625627473651039,1.9743725263489607
4.074725,0.202347,11474,8.2,6.416231892427939,1.78376810757206
4.096319,0.359113,13128,8.1,6.533130129125238,1.5668698708747613
4.064794,0.13751,11964,8.1,6.423828745696763,1.6761712543032363
4.047674,0.351796,21642,8.2,6.558229752674901,1.6417702473250984
4.086004,0.347382,24714,8.3,6.612840846779688,1.6871591532203123
4.054192,0.367874,5659,8.2,6.458126882165374,1.7418731178346256
4.074267,0.139122,9456,8.1,6.4065554146421855,1.6934445853578142
4.091763,0.366753,6256,8.5,6.489669235753606,2.010330764246394
4.061086,0.360336,33555,7.3,6.686937448198565,0.613062551801435
4.065845,0.318848,23478,8.3,6.585580079362004,1.7144199206379964
4.087111,0.389325,7879,6.9,6.488154421921676,0.41184557807832434
4.044132,0.33906,15828,8.6,6.532416591638171,2.0675834083618287
4.093107,0.348347,30198,7.7,6.661454506526675,1.0385454934733254
4.065992,0.348124,9719,8.2,6.498169806378788,1.7018301936212117
4.073231,0.362332,22326,7.8,6.574953210232241,1.2250467897677586
4.084514,0.367009,9502,6.5,6.511867395098172,0.011867395098171585
4.118506,0.352542,22144,8.1,6.5997320236936705,1.5002679763063291
4.100001,0.137289,18180,7.6,6.46654980387296,1.1334501961270398
4.094822,0.358188,24348,8.0,6.613482295289688,1.3865177047103119
4.134252,0.187661,10698,8.0,6.43495897478955,1.5650410252104496
4.06063,0.140786,9072,8.0,6.3188428210442265,1.6811571789557735
4.086317,0.3554,21243,7.5,6.593097049314406,0.9069029506855939
4.100047,0.364415,10155,8.0,6.499081664136284,1.500918335863716
4.068282,0.3449,22630,8.1,6.5964039392112825,1.503596060788717
4.088174,0.377301,7521,7.9,6.483769338084719,1.4162306619152814
4.079591,0.358493,16368,6.6,6.578459593588837,0.021540406411162394
4.065842,0.352297,22437,7.8,6.597665588832459,1.2023344111675405
4.043644,0.333704,30141,7.9,6.640979176436922,1.2590208235630787
4.06385,0.350603,24078,7.9,6.618297322599702,1.2817026774002986
4.091102,0.367533,8123,8.1,6.481434024083168,1.618565975916832
4.060354,0.384197,6524,6.7,6.468960334367423,0.2310396656325775
4.114309,0.382959,10684,7.7,6.5353354455290535,1.1646645544709466
4.094943,0.349129,23922,7.5,6.604511586945405,0.8954884130545953
4.05817,0.359144,6848,8.0,6.460150123835727,1.539849876164273
4.066494,0.360916,27369,5.9,6.632473562037721,0.732473562037721
4.092961,0.3534,10704,7.9,6.511238491150375,1.3887615088496252
4.087701,0.354424,25992,7.8,6.627208224281883,1.1727917757181165
4.071706,0.3523,28875,7.2,6.613667202743025,0.5863327972569747
4.066235,0.341955,27270,7.8,6.619269446146792,1.1807305538532082
5.551125,0.402057,36549,8.2,6.977800272195473,1.2221997278045267
4.103568,0.351564,26865,7.5,6.642850179796666,0.8571498202033343
4.086737,0.336133,20286,8.0,6.543832511473343,1.4561674885266571
4.110162,0.347484,36834,8.0,6.697806590084893,1.3021934099151071
4.06097,0.366378,9048,8.1,6.4985828387766365,1.6014171612233632
4.101328,0.367908,20338,7.7,6.613182603859529,1.0868173961404715
4.132071,0.358382,24530,7.8,6.637765158324988,1.1622348416750121
4.057732,0.35704,25647,7.7,6.616309655029312,1.0836903449706883
4.089009,0.367665,16824,7.3,6.589154466669712,0.7108455333302874
4.074875,0.362779,11634,8.1,6.522810645721016,1.5771893542789837
4.082257,0.370097,19148,7.4,6.574725466342317,0.8252745336576837
4.087455,0.355479,36672,7.0,6.703756220919717,0.29624377908028343
4.07697,0.130523,20727,7.4,6.491126980815012,0.9088730191849885
4.089989,0.351021,25102,7.6,6.629278461798196,0.9707215382018033
4.048231,0.362233,7005,7.5,6.4853738888111385,1.0146261111888615
4.063738,0.378257,6125,7.4,6.525811595071799,0.8741884049282014
4.101781,0.340429,24363,7.1,6.613556766267807,0.4864432337321922
4.112377,0.372733,26566,7.6,6.618950514628956,0.9810494853710434
4.084775,0.133754,17589,6.4,6.416292126124365,0.01629212612436426
4.079741,0.350082,21264,6.5,6.55967099922363,0.05967099922362973
4.04519,0.364062,7543,6.7,6.521786481909975,0.1782135180900255
4.080377,0.385013,5677,6.5,6.4661123983754365,0.0338876016245635
4.10473,0.345162,35211,7.8,6.6904629991645415,1.1095370008354584
4.056325,0.199954,9480,7.5,6.42983650174614,1.0701634982538604
4.06322,0.202958,9130,6.6,6.429543564671356,0.17045643532864396
4.032957,0.176765,12976,6.8,6.403735303631191,0.39626469636880923
4.107884,0.367268,9516,6.9,6.493876584837482,0.4061234151625186
4.071664,0.34537,25767,7.4,6.626485022959871,0.7735149770401293
4.101626,0.338103,14714,7.8,6.508407474172785,1.2915925258272152
4.080988,0.363356,8498,6.6,6.479368750851425,0.12063124914857504
4.06475,0.373928,5134,7.5,6.46056659080242,1.0394334091975796
4.078012,0.358502,16282,6.4,6.553614853161016,0.15361485316101575
4.125239,0.352644,32854,7.8,6.675133130507858,1.1248668694921422
4.10419,0.141094,14934,7.2,6.424279963598917,0.7757200364010828
4.080836,0.34939,27054,7.8,6.600227792139351,1.199772207860649
4.09577,0.364982,14450,6.2,6.573693172833162,0.3736931728331614
4.053851,0.340913,28065,8.0,6.596723189797743,1.4032768102022573
4.075154,0.343064,31494,7.7,6.626043180453126,1.0739568195468738
4.088212,0.201283,12672,6.5,6.4489360683304975,0.051063931669502516
4.06959,0.353127,7967,7.5,6.466310455352802,1.0336895446471983
4.051267,0.330871,24798,6.8,6.604452114467514,0.19554788553248592
4.09628,0.360465,26444,7.1,6.606518875013013,0.49348112498698704
4.060795,0.341781,16462,8.1,6.541275200356931,1.5587247996430689
4.097899,0.351523,34778,6.7,6.691011531945506,0.00898846805449427
4.092374,0.363725,23674,7.6,6.612513108950777,0.9874868910492225
4.089087,0.355592,19662,7.7,6.581322773164382,1.1186772268356178
4.07788,0.137633,17175,7.0,6.4148339896161275,0.5851660103838725
4.057573,0.350135,18104,8.2,6.53370179904276,1.6662982009572396
4.058818,0.361605,10961,7.0,6.496445024133955,0.5035549758660451
4.092005,0.135299,19143,7.3,6.391202233476958,0.9087977665230422
4.100479,0.354667,21270,7.3,6.590092685436321,0.7099073145636785
4.094792,0.375268,13958,6.0,6.528844203193067,0.5288442031930671
4.06134,0.36725,10416,7.4,6.494812188968714,0.9051878110312863
4.07317,0.343731,26415,7.4,6.62620290112567,0.7737970988743301
4.061584,0.396519,6170,7.0,6.483712023581929,0.516287976418071
4.055051,0.370553,8974,7.1,6.482724438001877,0.617275561998123
4.072168,0.354319,31068,7.1,6.655376640612088,0.4446233593879114
4.079928,0.390294,5863,7.8,6.487172734250368,1.3128272657496316
4.105324,0.369223,14738,6.2,6.579979849782559,0.3799798497825586
4.102771,0.340018,43233,7.6,6.737385915549914,0.8626140844500858
4.063956,0.334765,31266,7.1,6.658683934365466,0.44131606563453385
4.070282,0.130436,17982,7.9,6.375859397462489,1.5241406025375115
4.053879,0.129665,18171,8.3,6.413024065470202,1.886975934529799
4.110996,0.356554,32158,7.5,6.682728739986512,0.8172712600134879
4.117336,0.365883,18544,7.2,6.603308433087952,0.5966915669120478
4.05634,0.343037,26586,7.3,6.588235511916402,0.711764488083598
4.062957,0.350005,21488,6.8,6.601657647929919,0.19834235207008089
4.067307,0.340628,41385,7.1,6.69279635133545,0.4072036486645496
4.074902,0.337114,34366,7.5,6.685597740292263,0.8144022597077374
4.145428,0.389578,9303,7.3,6.5120932193701275,0.7879067806298723
4.066017,0.380873,4632,6.5,6.518717211833781,0.018717211833781278
4.053393,0.382402,5140,7.2,6.486121622676465,0.7138783773235353
4.06454,0.282124,35421,7.2,6.64179150310732,0.5582084968926804
4.06539,0.350445,10791,7.0,6.507244673238338,0.492755326761662
4.081785,0.348938,37851,7.0,6.701667321192769,0.29833267880723113
4.083309,0.353794,13648,6.5,6.50918848243551,0.009188482435510181
4.080051,0.359476,23250,6.7,6.60423983130799,0.09576016869200998
4.05227,0.349159,31341,7.1,6.66343240396069,0.4365675960393096
4.074257,0.352928,32241,6.5,6.677134470617974,0.1771344706179736
4.042383,0.192552,9362,6.8,6.404378317354771,0.39562168264522857
4.09463,0.354403,17108,6.9,6.582738991624496,0.3172610083755041
4.066496,0.131491,13263,6.8,6.381167864947562,0.41883213505243777
4.065024,0.132782,18612,7.8,6.381128483507229,1.4188715164927705
4.103306,0.365349,14668,7.2,6.550480620400745,0.6495193795992549
4.076246,0.324611,28948,7.7,6.621367869042148,1.0786321309578524
4.149384,0.139893,18285,6.9,6.451757643273632,0.44824235672636803
4.075064,0.359733,7560,7.3,6.486484595580773,0.8135154044192268
4.06089,0.347673,21786,7.6,6.582971688097001,1.0170283119029984
4.038728,0.189234,10058,7.0,6.3572339439109395,0.6427660560890605
4.105861,0.350098,18722,7.3,6.546095682593146,0.753904317406854
4.090514,0.192679,9528,7.7,6.3646286941781955,1.3353713058218046
4.095947,0.370042,10048,7.4,6.4998488793988916,0.9001511206011088
4.090544,0.136776,19542,6.5,6.48683176335702,0.013168236642980169
4.039125,0.350194,23128,7.7,6.597706554150804,1.1022934458491962
4.068336,0.190227,11924,6.1,6.37606700352604,0.2760670035260402
4.089153,0.376287,8151,6.9,6.500526821960176,0.3994731780398242
4.101726,0.352831,17070,7.4,6.562046736423406,0.837953263576594
4.042651,0.30661,36138,7.2,6.6594343446170825,0.5405656553829177
4.10473,0.376291,10706,6.8,6.523022835797823,0.2769771642021768
4.083448,0.205702,5714,7.1,6.378710521608382,0.7212894783916175
4.075332,0.133571,16596,6.2,6.446448095150712,0.2464480951507122
4.072954,0.357842,5706,7.4,6.454324519115241,0.9456754808847592
4.067543,0.189737,13130,7.6,6.384093729056634,1.215906270943366
4.053269,0.334251,32370,6.8,6.665728019185082,0.1342719808149182
4.160459,0.337324,19544,7.4,6.584436093746442,0.8155639062535585
4.063047,0.34066,28152,7.1,6.598688698166868,0.5013113018331312
4.070275,0.356698,18962,7.3,6.570349886079173,0.7296501139208269
4.064785,0.347048,22527,6.5,6.589792717913917,0.08979271791391685
4.078294,0.347799,35670,6.8,6.704902411158569,0.09509758884143071
4.076337,0.191671,12346,6.8,6.4362338693171255,0.36376613068287433
4.111217,0.350319,28107,7.0,6.6376186963899215,0.3623813036100785
4.088151,0.360102,15042,7.5,6.5473788616747015,0.9526211383252985
4.086711,0.357517,22758,7.3,6.61864420036569,0.6813557996343098
4.001041,0.130605,8310,8.0,6.381804811466667,1.618195188533333
4.068073,0.333765,23464,7.3,6.592537281095412,0.7074627189045879
4.10125,0.360771,15196,6.5,6.550771533137961,0.05077153313796057
4.080324,0.363359,11901,7.1,6.5259293577530455,0.5740706422469541
4.082399,0.397745,4870,7.0,6.465295307433216,0.534704692566784
4.06272,0.351849,27510,7.6,6.634002545323647,0.9659974546763523
4.136031,0.351846,22976,7.1,6.582427654122631,0.5175723458773689
4.059542,0.355417,22866,6.6,6.61336495153477,0.013364951534770242
4.069268,0.133279,18438,6.7,6.380968225095148,0.31903177490485213
4.095236,0.358138,17082,6.6,6.538567324666197,0.06143267533380303
4.08348,0.200516,10586,6.2,6.426588969456968,0.2265889694569676
4.13902,0.331629,38331,7.6,6.702478587853606,0.8975214121463937
3.993476,0.346629,12414,6.6,6.5314737682143935,0.06852623178560613
4.107521,0.132108,16293,7.2,6.37136061204578,0.8286393879542198
4.1257,0.141728,18819,7.2,6.452404868620202,0.7475951313797982
4.100397,0.381908,6625,6.9,6.492916788075381,0.40708321192461927
4.074729,0.347139,20610,7.0,6.552086388204977,0.4479136117950233
4.082761,0.33344,43236,7.7,6.703237108227356,0.9967628917726445
4.052344,0.353676,25464,5.1,6.627105147903071,1.5271051479030717
4.070943,0.327115,28222,7.3,6.617025840600991,0.6829741593990084
4.085581,0.133524,16428,7.6,6.369677967154832,1.2303220328451676
4.083194,0.366555,36363,6.9,6.678769850599676,0.22123014940032437
4.021468,0.127067,16935,5.8,6.45087787492692,0.6508778749269206
4.106723,0.193959,12646,6.6,6.423974145948352,0.17602585405164728
4.610361,0.282615,17786,6.8,6.595976380149439,0.2040236198505605
4.081929,0.352172,21213,6.2,6.5611896094532085,0.3611896094532083
4.080689,0.354919,23924,7.2,6.58211064747879,0.6178893525212104
4.064608,0.34215,28874,7.7,6.60512525874158,1.0948747412584199
4.036569,0.34311,15292,7.1,6.55407366097943,0.5459263390205695
4.100448,0.367082,13780,7.3,6.522603261912957,0.7773967380870426
4.044656,0.345396,25758,6.8,6.6125760169314045,0.1874239830685953
4.079282,0.190621,12452,7.6,6.437261067996717,1.1627389320032826
4.063635,0.373672,5938,7.4,6.487642159772702,0.9123578402272985
4.083634,0.132589,20643,8.0,6.4821834061574295,1.5178165938425705
4.077738,0.356023,7858,6.3,6.491891811466674,0.19189181146667433
4.11809,0.273447,3387,7.2,6.411939011269158,0.7880609887308418
4.004318,0.181459,8438,7.2,6.395111568411715,0.8048884315882852
4.064053,0.344368,27986,7.3,6.600369936499099,0.6996300635009005
4.098091,0.356316,24957,7.0,6.593318793527113,0.40668120647288664
4.043131,0.329446,24138,7.7,6.585185799183476,1.1148142008165243
4.042123,0.128532,15573,6.8,6.409320768491269,0.39067923150873085
4.106172,0.408461,4010,7.3,6.467488121190044,0.8325118788099557
4.122427,0.375806,7402,6.7,6.541792208003505,0.15820779199649504
4.087268,0.373845,7240,6.2,6.533606629491625,0.3336066294916247
4.094626,0.376593,5788,7.1,6.466171266979677,0.6338287330203229
4.08227,0.337201,38634,7.9,6.726262293727212,1.1737377062727887
4.058983,0.333559,25296,6.7,6.6062458261119765,0.09375417388802365
4.053222,0.376446,6221,8.1,6.489888058687708,1.610111941312292
4.085592,0.192497,12434,6.6,6.384190815108638,0.21580918489136192
4.086779,0.364957,10262,7.0,6.497576659313839,0.5024233406861613
4.09848,0.35646,11459,7.2,6.506351039032534,0.6936489609674661
4.050667,0.341513,20798,6.2,6.569760928761905,0.36976092876190503
4.046875,0.323163,10395,6.5,6.51167505950706,0.011675059507060048
4.044007,0.19538,12012,6.1,6.433449662754686,0.33344966275468657
4.08127,0.35425,26880,6.8,6.641089631991275,0.1589103680087245
4.048637,0.348465,22221,6.6,6.591480363559952,0.00851963644004794
4.074569,0.34814,33348,7.5,6.642710041641539,0.8572899583584608
4.083747,0.36345,29274,6.4,6.658687262554462,0.25868726255446184
4.066906,0.345248,23034,6.7,6.566524055634183,0.13347594436581733
4.073863,0.34422,21789,6.3,6.590488188971296,0.29048818897129625
4.073598,0.187674,11188,8.0,6.424034371765313,1.5759656282346874
4.065669,0.370492,10352,7.1,6.517330186676504,0.5826698133234958
4.076246,0.356052,13533,6.4,6.558625836342406,0.1586258363424058
4.067798,0.35734,10876,7.1,6.495623735875777,0.6043762641242223
4.059659,0.337026,28148,6.3,6.633544107083794,0.3335441070837941
4.054048,0.128993,20862,7.2,6.444453870931177,0.755546129068823
4.086053,0.341629,19757,7.8,6.56853143114055,1.2314685688594498
4.077517,0.351843,21126,7.0,6.559600935116389,0.4403990648836107
4.05879,0.369686,9409,6.4,6.502450919375407,0.10245091937540707
4.133893,0.371326,7768,7.8,6.488580813313387,1.3114191866866127
4.067376,0.136079,17700,7.5,6.377470213812352,1.1225297861876484
4.053241,0.342368,31806,7.4,6.664305402508402,0.735694597491598
4.027403,0.339028,33096,6.4,6.626461674030631,0.2264616740306309
4.03376,0.195438,8450,6.1,6.396156864630751,0.29615686463075175
4.06944,0.339577,28800,6.3,6.640894085862668,0.34089408586266856
4.092994,0.367741,20928,7.2,6.615348517617517,0.5846514823824833
4.166323,0.105041,15222,6.1,6.354010653188025,0.2540106531880255
4.098449,0.39117,6685,6.4,6.5439181620247755,0.14391816202477514
4.113292,0.380936,5732,6.7,6.477963523451729,0.2220364765482712
4.073344,0.345399,28190,5.5,6.604107121800373,1.1041071218003733
4.072751,0.364779,3268,7.6,6.464160852802917,1.1358391471970828
4.092012,0.365288,6992,6.2,6.487257823875111,0.2872578238751107
4.058217,0.31902,21915,6.7,6.538180580044134,0.16181941995586602
4.092055,0.352731,32772,7.5,6.678417209520547,0.8215827904794528
4.104393,0.142478,9360,6.2,6.390656821884716,0.19065682188471555
4.068091,0.331512,26445,6.4,6.616958242621054,0.2169582426210539
4.074881,0.357725,19624,7.4,6.5795797499120745,0.8204202500879259
4.053199,0.341242,26511,7.1,6.625205180025866,0.4747948199741341
4.068429,0.356007,10407,6.5,6.537889564613027,0.03788956461302728
4.065933,0.128828,19305,7.2,6.422403526760319,0.7775964732396812
4.073121,0.204319,6932,7.4,6.395046467290857,1.004953532709143
4.049885,0.130469,15159,7.1,6.409368729772512,0.6906312702274873
4.422579,0.224057,14530,7.2,6.478076057634814,0.7219239423651862
4.070578,0.350066,34542,5.7,6.651868022272985,0.9518680222729845
4.027676,0.369095,6152,7.1,6.458066767659427,0.6419332323405724
4.102693,0.370605,32817,7.5,6.659923173571637,0.8400768264283629
4.059212,0.345903,24306,6.1,6.603336619770547,0.5033366197705478
4.10167,0.357016,22390,6.6,6.600445064367111,0.0004450643671116694
4.080595,0.366178,14744,5.3,6.573822846136904,1.2738228461369046
4.136234,0.390087,6640,8.1,6.49482897926589,1.6051710207341099
4.098383,0.134765,17772,5.8,6.473483278605665,0.6734832786056648
4.095304,0.372873,9360,6.7,6.5163601409105745,0.1836398590894257
4.093099,0.371489,8200,6.4,6.485175715618093,0.08517571561809234
4.090547,0.36265,22742,7.2,6.622707675524494,0.5772923244755059
4.067424,0.340808,24282,6.1,6.607377377568837,0.5073773775688375
4.055712,0.194944,10824,5.5,6.427715850711747,0.9277158507117473
4.095233,0.356468,25104,7.0,6.622053881700468,0.3779461182995316
4.084792,0.347092,31638,5.9,6.656624096693275,0.7566240966932742
4.049109,0.210385,5102,6.8,6.339295900955812,0.46070409904418774
4.056664,0.363712,27111,7.8,6.644942536352869,1.1550574636471307
4.079319,0.354182,20134,6.2,6.582771908390896,0.3827719083908958
4.085585,0.338829,24516,6.3,6.600545489940226,0.3005454899402258
4.088016,0.357043,13494,5.5,6.534312977451958,1.0343129774519584
4.09435,0.347815,26079,6.4,6.626344699826689,0.22634469982668826
4.099587,0.139277,15504,6.2,6.42580705726402,0.22580705726401984
4.084213,0.390483,5768,6.3,6.500626808014024,0.20062680801402433
4.063406,0.323917,31818,7.8,6.639405430930167,1.1605945690698327
4.09488,0.208695,9090,6.5,6.436953693637171,0.06304630636282926
4.087549,0.357743,34896,6.4,6.700671850174404,0.30067185017440323
4.130061,0.393799,6183,5.9,6.499501295571487,0.5995012955714865
4.055378,0.385335,5413,7.6,6.4589957760141,1.1410042239858997
4.057826,0.130505,15867,6.3,6.415106597560536,0.1151065975605361
4.068656,0.366291,9832,7.0,6.511320217444399,0.48867978255560107
4.100678,0.361142,26868,7.1,6.640263757286537,0.45973624271346303
4.087195,0.133282,18807,7.8,6.386566881389561,1.4134331186104392
4.087028,0.29794,22767,7.0,6.533737337415615,0.4662626625843851
4.060693,0.34665,27320,7.0,6.635186639911901,0.3648133600880987
4.036788,0.356602,6478,6.4,6.451581357948627,0.05158135794862684
4.06478,0.350887,24574,6.7,6.605696652026624,0.09430334797337636
4.053751,0.369449,10051,7.6,6.5065133386182,1.0934866613817995
4.090745,0.358231,41412,7.3,6.735622211995782,0.5643777880042178
4.090623,0.139478,5328,6.3,6.37726692993289,0.07726692993289053
4.068187,0.33638,44332,5.8,6.7716621995642114,0.9716621995642116
4.072563,0.153823,4128,5.9,6.360686516221753,0.4606865162217524
4.104319,0.365807,13556,7.1,6.540663752072107,0.5593362479278925
4.0938,0.357688,23871,6.4,6.615795464208249,0.2157954642082487
4.111695,0.38261,5628,6.1,6.487328387557339,0.3873283875573392
4.054365,0.3703,6448,7.2,6.460935542126834,0.739064457873166
4.049596,0.37121,9368,7.4,6.501256561522091,0.8987434384779096
4.066846,0.394194,3703,7.7,6.45064997337316,1.24935002662684
4.106452,0.360411,22036,5.8,6.604769893421873,0.8047698934218728
4.06517,0.361733,4696,6.2,6.50582454332817,0.30582454332816944
4.155096,0.371409,24765,6.0,6.651993609713591,0.6519936097135908
4.086284,0.35379,15182,7.2,6.545182324143269,0.654817675856731
4.041985,0.347571,19700,7.5,6.540510978842814,0.9594890211571858
4.097805,0.36103,8600,5.9,6.503543539729154,0.603543539729154
4.038048,0.126066,12423,5.9,6.328071397683074,0.42807139768307323
4.091086,0.343003,13471,7.6,6.55173780115622,1.04826219884378
4.103015,0.369924,13317,6.2,6.543811286477953,0.343811286477953
4.098267,0.396113,4314,7.5,6.476436653135638,1.0235633468643623
4.081923,0.351843,11184,6.4,6.542091547970099,0.14209154797009838
4.068354,0.343949,6717,5.8,6.450633142982542,0.6506331429825423
4.094748,0.187051,11488,7.0,6.432891509709081,0.5671084902909191
4.047162,0.322067,13454,5.9,6.529962307109353,0.629962307109353
4.074161,0.375556,5815,7.0,6.479522559676219,0.5204774403237806
4.072051,0.362688,9105,7.8,6.499287019507509,1.3007129804924906
4.091514,0.1983,11014,6.2,6.446927445505823,0.2469274455058228
4.122004,0.351807,30418,7.9,6.656722354803545,1.2432776451964553
4.093128,0.372951,9087,6.6,6.507049568249335,0.09295043175066464
4.06469,0.353624,14156,7.3,6.521317679145345,0.7786823208546547
4.095735,0.371827,4241,7.0,6.469247625566359,0.5307523744336411
4.073268,0.35721,29048,7.2,6.651613092713509,0.5483869072864911
4.087407,0.190572,10456,5.8,6.438584894596103,0.6385848945961028
4.095733,0.378755,8153,6.6,6.502694068981878,0.09730593101812168
4.051366,0.33888,15446,6.5,6.530682685112798,0.030682685112798147
4.088111,0.365297,27969,6.9,6.650037595498815,0.24996240450118545
4.084808,0.389325,4169,7.1,6.524766462464833,0.5752335375351665
4.046949,0.331227,22488,5.7,6.585890594509337,0.8858905945093367
4.072371,0.362167,10527,7.3,6.51413367702441,0.7858663229755898
4.06759,0.131839,18549,7.5,6.473163938233463,1.026836061766537
4.092429,0.37,5661,6.8,6.466061230009444,0.3339387699905556
4.07331,0.345091,39696,6.7,6.730276694872308,0.030276694872307885
4.102057,0.148272,5436,6.4,6.383778537465164,0.01622146253483603
4.085115,0.380191,8483,6.2,6.492143120511638,0.29214312051163827
4.072089,0.352681,16664,6.6,6.543766474294288,0.05623352570571161
4.076994,0.345721,26122,6.2,6.629814469628254,0.429814469628254
4.045855,0.380643,5926,6.4,6.477862915155494,0.07786291515549326
4.074657,0.372602,5586,5.1,6.476554676804036,1.3765546768040364
4.084218,0.199316,10928,6.8,6.378267938197338,0.4217320618026621
4.073901,0.134361,18942,7.9,6.424671287603661,1.4753287123963394
4.084524,0.35378,23886,6.1,6.612695255189856,0.5126952551898567
4.084301,0.362455,32118,6.4,6.682332495427087,0.28233249542708627
4.052347,0.346309,6347,7.1,6.4470590581734015,0.6529409418265981
4.131815,0.367543,11441,7.8,6.562749950002052,1.2372500499979475
4.052334,0.319687,41074,6.2,6.700914184487285,0.5009141844872849
4.064154,0.342527,25983,6.9,6.610152044085112,0.28984795591488854
4.06945,0.196667,10880,6.7,6.431526266211987,0.26847373378801276
4.077394,0.193352,7184,6.7,6.393176835361194,0.3068231646388062
4.068055,0.336505,20667,6.2,6.588131218212731,0.388131218212731
4.097391,0.372144,11380,6.2,6.512430328744134,0.3124303287441341
4.072469,0.365476,17686,6.2,6.567403126803372,0.3674031268033717
4.060869,0.130482,12834,7.1,6.337979032832581,0.7620209671674187
4.099499,0.387376,7200,7.0,6.499591072101128,0.5004089278988717
4.087901,0.137505,15807,5.8,6.406532039471397,0.6065320394713973
4.070401,0.359299,19390,6.5,6.57768679054551,0.07768679054550987
4.043815,0.368605,6422,6.5,6.517719481098144,0.01771948109814403
4.072516,0.34195,35631,5.7,6.685520007207289,0.9855200072072892
4.096542,0.366941,22806,6.5,6.608504506629105,0.10850450662910482
4.107917,0.355562,26235,7.0,6.635647732212602,0.3643522677873978
4.046937,0.357096,6117,6.3,6.469437051079377,0.16943705107937745
3.997125,0.356235,14328,5.3,6.525811913726541,1.2258119137265409
4.071783,0.182428,13628,7.1,6.383023909873247,0.716976090126753
4.077473,0.366395,13736,6.9,6.537855788058297,0.3621442119417031
4.064627,0.356294,26070,6.7,6.595576071787118,0.10442392821288227
4.076327,0.336191,26158,5.1,6.583591486445377,1.483591486445377
4.05811,0.366762,9944,6.7,6.5406919673535295,0.15930803264647064
4.105844,0.35117,32589,6.6,6.682922222282194,0.08292222228219437
4.109389,0.351255,41328,7.3,6.751630344288694,0.5483696557113058
4.101921,0.371928,22036,7.0,6.5846426716301005,0.41535732836989947
4.0688,0.337874,30630,6.7,6.651053248156257,0.04894675184374275
4.078318,0.342533,28638,6.8,6.606024341391941,0.19397565860805877
4.057067,0.344346,18026,5.6,6.575297983070497,0.9752979830704973
4.085286,0.367133,8632,6.6,6.50586509215381,0.09413490784618972
4.069107,0.342139,29076,6.8,6.63270449462156,0.16729550537843974
4.074358,0.351009,16192,6.0,6.549876426770557,0.5498764267705569
4.061776,0.37028,8940,6.2,6.537483448771232,0.3374834487712315
4.044817,0.190438,12818,6.4,6.378606484154936,0.021393515845064215
4.079435,0.34968,8154,6.5,6.466777189894448,0.03322281010555184
4.065541,0.344764,36927,5.9,6.694342752492422,0.7943427524924216
4.106493,0.359245,28682,7.6,6.646859468116403,0.953140531883597
4.065863,0.370453,5667,7.3,6.474802786320738,0.825197213679262
4.047714,0.370731,7706,6.6,6.4877903563837735,0.1122096436162261
4.133352,0.200812,9556,6.7,6.427929830853615,0.27207016914638515
4.088973,0.369249,20634,5.9,6.588365131887411,0.6883651318874104
4.07082,0.35212,24033,6.6,6.6202163856189795,0.02021638561897987
4.079984,0.338367,45273,6.5,6.771952136228446,0.27195213622844605
4.045212,0.350425,6486,6.7,6.505858606228899,0.19414139377110118
4.095064,0.304479,23728,8.1,6.546598023273329,1.5534019767266702
4.066906,0.137095,16818,7.9,6.448219213488537,1.4517807865114634
4.068232,0.322441,36780,6.1,6.70108041208405,0.60108041208405
4.087556,0.133726,14883,7.9,6.359246706742764,1.5407532932572368
4.070822,0.333841,21801,6.5,6.5789415632395425,0.07894156323954249
4.084865,0.344388,24572,6.7,6.579755779906105,0.12024422009389557
4.085266,0.36686,6220,7.4,6.4665383370950344,0.9334616629049659
4.057426,0.360225,11110,5.4,6.5433268820926465,1.143326882092646
4.051297,0.342121,13295,7.0,6.506179903648231,0.4938200963517687
4.070255,0.200149,9098,6.9,6.411088115946113,0.48891188405388775
4.068363,0.356615,6829,5.7,6.483510039082073,0.7835100390820724
4.05648,0.397394,4659,8.0,6.528652979316372,1.4713470206836279
4.047676,0.359242,12538,5.0,6.49935155350439,1.4993515535043898
4.083407,0.206241,6764,7.5,6.386543546229499,1.1134564537705014
4.054324,0.13144,19344,6.2,6.464723878590836,0.2647238785908357
4.058664,0.35674,35880,7.5,6.7031066391245435,0.7968933608754565
4.069776,0.13335,13848,5.5,6.387061823141069,0.8870618231410692
4.096957,0.349838,19199,6.0,6.569100973206445,0.5691009732064449
4.074702,0.364602,18618,7.2,6.566250153665353,0.6337498463346476
4.06891,0.34764,25316,6.4,6.614663885456845,0.21466388545684456
4.085782,0.372503,7380,5.6,6.476156308080126,0.8761563080801267
4.059273,0.368344,7531,6.4,6.472530725062472,0.07253072506247182
4.022404,0.358004,23586,6.0,6.613451763995206,0.6134517639952062
4.038912,0.181018,14468,6.6,6.4420948063948344,0.1579051936051652
4.096055,0.372891,10814,6.3,6.526852084424563,0.2268520844245634
4.096861,0.353978,26134,7.3,6.599729580909863,0.7002704190901365
4.086324,0.363509,23181,8.0,6.625322918862015,1.3746770811379854
4.07019,0.350116,27952,7.3,6.643067237128825,0.6569327628711745
4.102973,0.378785,7656,6.5,6.500038409400959,3.8409400959338313e-05
4.060382,0.368278,6434,6.2,6.487135720160514,0.2871357201605136
4.097479,0.351967,27942,7.1,6.648803784155245,0.4511962158447549
4.076704,0.350284,22132,7.5,6.565438249431315,0.934561750568685
4.105451,0.374235,7526,5.4,6.538666645781703,1.1386666457817025
4.091232,0.134502,19545,6.4,6.431715934967154,0.031715934967153636
4.077848,0.339754,34149,6.2,6.668639557156819,0.46863955715681893
4.102171,0.368803,9560,6.6,6.496384040763388,0.10361595923661149
4.086314,0.409613,3992,5.8,6.500857658260448,0.700857658260448
4.07117,0.367598,9437,7.3,6.503831808872622,0.7961681911273777
4.062235,0.362776,9580,7.4,6.4834579166539115,0.9165420833460889
4.070798,0.349383,18522,7.0,6.566739878945975,0.4332601210540252
4.062979,0.130092,14622,5.5,6.441054766545359,0.941054766545359
4.055817,0.344654,11262,6.5,6.505662520095495,0.0056625200954947275
4.070038,0.355715,24345,5.1,6.614692765166669,1.5146927651666697
4.051781,0.345414,21726,7.4,6.579807792306976,0.8201922076930241
4.039144,0.128471,19275,5.9,6.431769518867077,0.531769518867077
4.09739,0.361564,17602,6.2,6.569214144046275,0.36921414404627484
4.030276,0.340928,14640,7.2,6.5261366998836134,0.6738633001163867
4.064843,0.327486,23612,6.4,6.596017985180183,0.1960179851801822
4.077143,0.370141,11310,7.5,6.525685533781925,0.9743144662180754
4.054176,0.338845,25806,6.1,6.619343294058812,0.5193432940588121
4.088639,0.19819,12720,6.6,6.447179977837709,0.15282002216229085
4.058019,0.366193,7298,7.3,6.491563151403479,0.8084368485965205
4.064719,0.350733,15076,5.9,6.562639500469569,0.6626395004695684
4.094909,0.358946,26802,6.9,6.607717408797217,0.29228259120278377
4.059803,0.144997,11250,6.9,6.402830427024498,0.4971695729755021
4.103031,0.365589,9562,7.0,6.509240380934445,0.490759619065555
4.058096,0.328628,28618,6.7,6.630433364944988,0.06956663505501215
4.061572,0.370812,8417,7.3,6.480956462893506,0.8190435371064941
4.038897,0.19674,5972,4.5,6.3766350731623325,1.8766350731623325
4.10372,0.360905,17368,5.4,6.568160815109307,1.1681608151093066
4.083426,0.344225,31563,7.3,6.653996485804783,0.6460035141952165
4.067133,0.361598,11844,6.4,6.499405142971219,0.09940514297121883
4.060507,0.325334,26996,7.2,6.579005125338888,0.620994874661112
4.059228,0.348071,23121,6.9,6.592638315647544,0.3073616843524567
4.085597,0.33738,26244,7.2,6.626268672612654,0.5737313273873461
4.059655,0.345503,24320,7.7,6.574577417443715,1.1254225825562854
4.113265,0.341904,29444,7.2,6.617090501773018,0.5829094982269822
4.115636,0.362578,30192,7.2,6.637738469296702,0.5622615307032985
4.050822,0.140761,11967,6.3,6.396776581334903,0.09677658133490308
4.089986,0.368874,17140,5.7,6.55860835153516,0.8586083515351595
4.080099,0.371482,22248,7.4,6.6239750715695545,0.7760249284304459
4.053022,0.188649,10206,6.3,6.3602403657381235,0.060240365738123636
4.059631,0.339563,37170,6.5,6.7102929236823385,0.21029292368233854
4.071872,0.132795,18852,6.1,6.422690089476802,0.32269008947680256
4.073997,0.35817,6501,5.6,6.460348494644187,0.8603484946441871
4.084683,0.354768,24513,5.9,6.6180299368387345,0.7180299368387342
4.064304,0.349902,14598,5.9,6.523354916346638,0.6233549163466376
4.066762,0.34856,16450,7.3,6.522417972311619,0.7775820276883811
4.045273,0.135551,10509,7.1,6.4084088335884175,0.6915911664115821
4.026343,0.328502,29304,7.3,6.634398393737887,0.6656016062621131
4.075405,0.367661,7983,5.1,6.477066839632787,1.3770668396327874
4.061864,0.350806,17586,6.1,6.558572816980231,0.4585728169802312
4.071729,0.340378,12129,8.0,6.486816945941586,1.5131830540584144
4.055054,0.143305,6105,7.6,6.357255894138411,1.242744105861589
4.11418,0.358348,14176,7.3,6.5439356465855685,0.7560643534144313
4.044678,0.34996,7020,7.6,6.453174440075386,1.146825559924614
4.046109,0.187501,11692,7.0,6.422747530836935,0.5772524691630654
4.091291,0.354584,22616,7.0,6.5982266951292035,0.40177330487079654
4.058862,0.189655,12552,6.3,6.435333510189142,0.13533351018914175
4.131227,0.371505,21852,6.6,6.608219384297111,0.008219384297110999
4.052588,0.135083,12981,5.5,6.379388441833025,0.8793884418330249
4.11252,0.362609,25095,7.7,6.6281701526189085,1.0718298473810917
4.045283,0.338885,12769,7.5,6.485840848846383,1.014159151153617
4.062123,0.358337,17226,6.1,6.549075816073765,0.44907581607376557
4.103423,0.373224,8654,6.4,6.50550447612204,0.10550447612203939
4.102233,0.371276,5747,7.0,6.525054535984094,0.47494546401590565
4.048494,0.19249,13026,7.8,6.438504215086321,1.3614957849136786
4.077029,0.336399,15964,7.8,6.511893486590848,1.2881065134091516
4.055347,0.34179,26028,6.0,6.622939163949681,0.6229391639496811
4.064378,0.376405,5815,5.8,6.5227206907113935,0.7227206907113937
4.082412,0.34644,16386,6.1,6.523042412566509,0.42304241256650954
4.042275,0.33838,20006,6.7,6.55993371025353,0.1400662897464704
4.072208,0.348906,19332,7.5,6.589051166242669,0.910948833757331
4.111173,0.136447,18885,4.1,6.485001226149558,2.3850012261495586
4.055105,0.358973,8727,7.7,6.496559883592476,1.2034401164075241
4.070681,0.359535,7538,6.4,6.46871410952491,0.06871410952490997
4.082427,0.38098,9051,5.3,6.5175127647647475,1.2175127647647477
4.092443,0.369106,13555,7.1,6.570417675458581,0.5295823245414191
4.081018,0.382984,6341,5.6,6.478360383629146,0.878360383629146
4.077554,0.136202,17862,6.8,6.458857768459983,0.341142231540017
4.105028,0.354288,19992,7.6,6.585984417182728,1.0140155828172714
4.070823,0.194146,8308,5.2,6.4206260456689055,1.2206260456689053
4.091138,0.324244,30480,6.0,6.607922889998313,0.6079228899983127
4.069861,0.198079,12584,6.2,6.420595694180316,0.22059569418031622
4.089112,0.350141,21156,6.7,6.604028618496239,0.0959713815037615
4.061173,0.344287,29463,7.7,6.63565998955888,1.0643400104411205
4.049801,0.334286,20076,6.5,6.534848907345017,0.03484890734501711
4.088211,0.206047,8916,7.5,6.402492544811579,1.0975074551884214
4.086568,0.358132,10816,8.1,6.492880965142295,1.6071190348577042
4.072525,0.365057,7735,6.8,6.473217739902904,0.32678226009709554
4.025757,0.336816,17178,7.8,6.559665699916863,1.2403343000831368
4.067143,0.129075,18525,7.3,6.37818335500838,0.9218166449916199
4.094707,0.383361,7844,6.2,6.5123529818603805,0.3123529818603803
4.02334,0.173653,7640,7.1,6.387949668180764,0.7120503318192357
4.08819,0.344548,8344,6.7,6.465862969379624,0.23413703062037605
4.064124,0.355238,14712,7.7,6.526662625141115,1.1733373748588853
4.05163,0.332069,24048,7.1,6.593468766680375,0.5065312333196248
4.07271,0.342609,30093,7.5,6.6539221897601575,0.8460778102398425
4.080731,0.133651,11220,7.5,6.370202583947826,1.129797416052174
4.099388,0.34978,31500,6.7,6.659641202103853,0.040358797896146825
4.092372,0.352698,27790,6.7,6.647515063232576,0.05248493676742427
4.104189,0.358897,21597,5.4,6.615283330665685,1.2152833306656845
4.042777,0.372173,17418,6.5,6.565301369403329,0.06530136940332909
4.051648,0.344801,8825,6.6,6.463344090478541,0.13665590952145834
4.090246,0.196603,11964,6.3,6.418327021404297,0.11832702140429685
4.070983,0.33787,15902,5.5,6.511512162845286,1.0115121628452863
4.090838,0.341451,39477,6.8,6.68384922119916,0.11615077880084002
4.060661,0.131219,15879,7.4,6.436349509295791,0.9636504907042092
4.065838,0.191045,10654,6.4,6.401599531631293,0.0015995316312924501
4.074489,0.359875,21076,5.4,6.607793543253795,1.2077935432537945
4.071867,0.368903,10042,6.4,6.492763814167026,0.09276381416702595
4.095483,0.21122,5632,6.4,6.3915090759210615,0.00849092407893881
4.055113,0.348503,8913,6.8,6.46722446140929,0.33277553859070963
4.054303,0.18324,13030,6.4,6.4499925185679,0.049992518567899324
4.052289,0.388985,4779,6.3,6.473572410522369,0.17357241052236905
4.089597,0.146856,7899,8.1,6.382139077409294,1.717860922590706
4.064759,0.35749,6772,4.4,6.477671183299888,2.0776711832998878
4.074251,0.377835,6960,6.7,6.477872268584344,0.22212773141565645
4.077592,0.188623,10034,7.4,6.363107285386444,1.0368927146135567
4.051612,0.131218,17403,7.2,6.424102263852694,0.7758977361473063
4.060731,0.351432,15836,6.3,6.567176818255071,0.2671768182550709
4.07572,0.378923,7283,5.8,6.535446588210714,0.7354465882107144
4.063844,0.362038,22950,6.8,6.6191488901899636,0.18085110981003627
4.043744,0.358298,9993,7.0,6.532798106288179,0.4672018937118212
4.056614,0.344655,10696,6.2,6.501419392658591,0.3014193926585911
4.093992,0.368912,6749,6.5,6.528284510094005,0.028284510094004567
4.075713,0.340897,22632,6.4,6.562004802480544,0.16200480248054383
4.065552,0.129492,20568,7.0,6.476544566168055,0.5234554338319448
4.061142,0.370024,6417,5.7,6.466194812674932,0.7661948126749314
4.059785,0.347233,16002,6.7,6.544355253582559,0.1556447464174413
4.076834,0.371837,8169,7.2,6.53626414600863,0.66373585399137
4.04993,0.345975,40164,7.3,6.711332087473643,0.5886679125263568
4.026604,0.330436,26304,6.9,6.572157236739101,0.32784276326089934
4.066109,0.337512,23802,7.8,6.596691323378998,1.2033086766210017
4.055085,0.338983,24996,6.9,6.599398881030087,0.3006011189699134
4.041194,0.378877,5033,5.9,6.4693741014168715,0.5693741014168712
4.070654,0.341753,24006,4.2,6.612898897709343,2.4128988977093426
4.105552,0.344407,14688,6.0,6.529944142832804,0.5299441428328038
4.067996,0.340313,24159,7.0,6.606302017866943,0.39369798213305707
4.091892,0.327025,22476,5.6,6.591466276437996,0.991466276437996
4.044326,0.319272,24735,7.3,6.597612694623618,0.7023873053763818
4.100956,0.202914,9376,4.5,6.4377136680270315,1.9377136680270315
4.069826,0.358025,16578,6.2,6.554158243440968,0.3541582434409678
4.101362,0.386791,7418,5.7,6.485952455654921,0.7859524556549209
4.050437,0.346612,14224,6.3,6.502568394349073,0.2025683943490728
4.099769,0.387969,8864,8.0,6.555466889001566,1.4445331109984343
4.084951,0.361255,5787,7.0,6.481670374190516,0.5183296258094838
4.039555,0.184419,11984,5.4,6.439897490749002,1.0398974907490013
4.069536,0.323105,13455,7.9,6.5157905118557595,1.3842094881442408
4.114006,0.202946,12382,6.5,6.449099375268185,0.050900624731815114
4.079719,0.194976,13228,6.7,6.445901189244367,0.25409881075563323
4.094044,0.194666,13784,5.6,6.453374433676824,0.8533744336768248
4.027387,0.177689,11040,6.7,6.4090758008012685,0.2909241991987317
4.072448,0.353161,26427,6.3,6.63021866996657,0.33021866996657057
4.115258,0.366581,17292,5.8,6.5719196599007095,0.7719196599007097
4.070541,0.357756,17874,4.7,6.539761045084781,1.8397610450847806
4.064118,0.350164,28188,5.7,6.630883377920078,0.930883377920078
4.081269,0.35929,16882,7.4,6.582476814382437,0.8175231856175635
4.068372,0.198726,8708,5.3,6.393161990155227,1.0931619901552274
4.062483,0.380188,4355,4.8,6.515940522748666,1.7159405227486664
4.055711,0.196106,10434,5.9,6.367698892560696,0.46769889256069597
4.088679,0.357501,26400,6.5,6.626718492236954,0.12671849223695375
4.070422,0.34565,19744,6.3,6.5745973483280595,0.2745973483280597
4.095469,0.190517,13614,6.2,6.42689009757271,0.22689009757270995
4.081511,0.379649,7510,6.0,6.479585296348091,0.4795852963480911
4.05785,0.361436,7805,7.2,6.469224961047966,0.730775038952034
4.025432,0.347386,6997,7.5,6.503662138708268,0.9963378612917317
4.077699,0.373796,15590,6.5,6.5586831105599614,0.05868311055996145
4.069902,0.340936,19988,7.9,6.587266041744063,1.3127339582559374
4.126233,0.355109,21045,5.7,6.612910542645613,0.912910542645613
4.058181,0.341803,29019,6.7,6.6048251374838784,0.09517486251612173
4.078815,0.36286,32472,6.3,6.6825290350341255,0.3825290350341257
4.039967,0.190721,13052,5.5,6.450987814908123,0.9509878149081228
4.087897,0.18801,11486,6.0,6.42958959045397,0.42958959045397016
4.08721,0.354556,4466,7.4,6.445569833082269,0.9544301669177315
4.106753,0.375171,6323,6.8,6.532056539899608,0.2679434601003914
4.096336,0.348186,33303,6.3,6.679301741137589,0.3793017411375894
4.080671,0.370135,8174,7.1,6.481937760152302,0.6180622398476974
4.091781,0.353128,14556,8.0,6.540935315816907,1.459064684183093
4.073614,0.129966,20364,6.4,6.476631003448106,0.0766310034481057
4.083399,0.360661,14702,7.6,6.521617293089162,1.0783827069108378
4.08082,0.21076,3406,5.3,6.391219814034701,1.0912198140347016
4.061539,0.349315,21174,6.2,6.579929938722998,0.37992993872299774
4.068746,0.368517,6964,6.1,6.470233965809909,0.3702339658099092
4.106482,0.139086,14625,7.4,6.452164588224604,0.9478354117753964
4.06449,0.348669,29091,6.7,6.648199333011928,0.05180066698807195
3.998517,0.183646,5904,5.8,6.317151534073411,0.5171515340734114
4.118503,0.195003,10852,7.2,6.433423733428722,0.7665762665712785
4.071864,0.35078,7023,5.4,6.481595005453146,1.0815950054531456
4.094983,0.3464,17270,7.1,6.55972731433906,0.5402726856609394
4.069356,0.3545,14734,5.3,6.538624778633574,1.2386247786335742
4.081454,0.191738,13092,5.9,6.421825488341561,0.5218254883415607
4.05186,0.132467,18348,6.6,6.46925258346754,0.13074741653245958
4.116069,0.37856,8262,5.1,6.515448724044124,1.4154487240441247
4.071242,0.352,22716,6.4,6.594172175275611,0.19417217527561093
4.070265,0.332011,20614,6.4,6.56789512732812,0.1678951273281193
4.07348,0.134383,14748,4.3,6.356420578752818,2.0564205787528183
7.84451,0.437672,6822,6.6,7.198149494046571,0.598149494046571
4.083395,0.338815,23074,6.7,6.5899214070293555,0.1100785929706447
4.071554,0.352877,33840,6.6,6.690204793603514,0.09020479360351441
4.072832,0.213539,4082,7.6,6.401471492693958,1.1985285073060412
4.080334,0.357562,26290,5.7,6.600668481760421,0.9006684817604205
4.098473,0.366359,30579,6.2,6.672548784492418,0.47254878449241744
4.030384,0.371184,25089,6.2,6.617438445556838,0.4174384455568374
4.047635,0.334999,25506,7.1,6.611133701134622,0.4888662988653776
4.087591,0.365872,14336,5.9,6.543987794456216,0.6439877944562156
4.044433,0.194906,8858,6.2,6.38805620359668,0.18805620359667952
4.059648,0.132905,10074,5.7,6.40627506931362,0.7062750693136195
4.051197,0.360425,7122,6.4,6.5176704081283665,0.11767040812836616
4.048778,0.370045,8106,5.9,6.490789408891431,0.590789408891431
4.038071,0.384675,5597,7.6,6.456803861070813,1.143196138929187
4.054516,0.338601,30849,5.3,6.61481383541544,1.31481383541544
4.093437,0.358288,16795,6.2,6.559492846638875,0.35949284663887493
4.093239,0.36196,16578,7.0,6.5374438563973705,0.46255614360262953
4.090136,0.34493,21114,6.7,6.5818819464842955,0.1181180535157047
4.084041,0.328698,28584,4.7,6.634574367135686,1.9345743671356859
4.03334,0.333973,26031,6.5,6.612407870538226,0.11240787053822565
4.055038,0.345971,18946,5.7,6.5362074929429435,0.8362074929429433
4.081503,0.200917,10294,3.9,6.432807225097129,2.532807225097129
4.091352,0.137261,18882,5.6,6.4707904002783465,0.8707904002783469
4.065501,0.355772,22872,3.8,6.5968837725950475,2.7968837725950477
4.053224,0.368591,7705,4.6,6.487781097480594,1.8877810974805946
4.038678,0.343414,15490,6.9,6.532032963745116,0.3679670362548846
4.060657,0.343002,12673,6.1,6.516751470684653,0.41675147068465357
4.017094,0.335282,8374,7.7,6.472657267466547,1.2273427325334536
4.046504,0.183719,11116,7.3,6.397119240100137,0.9028807598998627
4.072841,0.376288,9264,6.2,6.491310580319764,0.291310580319764
4.064433,0.346873,11826,2.7,6.498397831281963,3.798397831281963
4.082499,0.342426,26852,7.6,6.628166360696148,0.9718336393038518
4.079849,0.198671,11620,5.6,6.433858271152088,0.8338582711520885
4.087962,0.369793,7770,5.6,6.494576881720917,0.8945768817209174
4.10126,0.346758,21152,6.4,6.591167416198353,0.1911674161983523
4.093086,0.374736,6535,6.0,6.471406947750394,0.4714069477503937
4.09716,0.350462,25149,6.0,6.62015417440424,0.6201541744042398
4.096807,0.349503,10121,6.3,6.491514634897399,0.19151463489739928
4.03749,0.360849,7403,8.0,6.461497081061925,1.5385029189380752
4.083875,0.365883,14480,7.9,6.544496690108271,1.3555033098917297
4.085304,0.192284,11700,6.1,6.436236269268448,0.33623626926844796
4.105565,0.349332,13926,7.3,6.561312841750616,0.7386871582493839
4.096007,0.352469,34389,6.3,6.65677145239596,0.35677145239596
4.043538,0.336359,24903,6.6,6.595243901769743,0.004756098230256356
4.083304,0.355759,20454,6.2,6.58660330137803,0.3866033013780301
4.061022,0.34606,26544,6.3,6.6159931672612835,0.3159931672612837
4.064141,0.378989,5711,6.3,6.489595058575219,0.18959505857521908
4.069977,0.354163,24606,6.1,6.5845903131765615,0.48459031317656187
4.061228,0.366684,9131,6.0,6.483581084901068,0.48358108490106844
4.100309,0.350506,17822,4.9,6.558327895336472,1.6583278953364715
4.090469,0.401179,3372,5.3,6.474184358411924,1.1741843584119245
4.039078,0.330033,23109,6.2,6.594039653852603,0.39403965385260253
4.054817,0.124246,13341,7.8,6.375175360443879,1.424824639556121
4.067246,0.341956,9590,4.8,6.4777097609323695,1.6777097609323697
4.084834,0.381452,7149,5.8,6.504632618542286,0.704632618542286
4.073224,0.366947,6210,5.2,6.52014279855454,1.3201427985545395
4.056269,0.348646,20736,6.7,6.581257434050933,0.11874256594906729
4.040887,0.190777,8880,4.8,6.418662175881675,1.618662175881675
4.063656,0.351569,26061,6.1,6.591928748042248,0.4919287480422483
4.075485,0.3762,4381,5.6,6.480018086065052,0.8800180860650526
4.062125,0.360492,15872,7.1,6.526204663963597,0.5737953360364028
4.085627,0.346221,28086,5.9,6.606017866003446,0.706017866003446
4.05183,0.348674,21108,6.4,6.583429706943701,0.1834297069437003
4.062267,0.363126,11356,7.0,6.547650348824638,0.4523496511753624
4.061389,0.192078,13554,5.7,6.4222703854397025,0.7222703854397023
4.061918,0.34492,26598,4.9,6.615766234918868,1.7157662349188678
4.035787,0.348871,22118,6.7,6.588716041417031,0.1112839585829688
4.081734,0.359017,8835,7.4,6.497219429162808,0.9027805708371925
4.051568,0.348304,14666,7.4,6.556243525247099,0.8437564747529009
4.083572,0.366331,12507,4.8,6.529267426175686,1.729267426175686
4.073376,0.344321,22239,7.3,6.604143825456625,0.6958561745433745
4.052875,0.339533,9407,7.0,6.472193099295107,0.5278069007048929
4.071997,0.193017,13444,6.6,6.460349974063061,0.13965002593693843
4.00772,0.381885,3981,7.5,6.435703352878033,1.0642966471219673
4.060848,0.321921,13727,7.3,6.508736878075522,0.7912631219244775
4.113988,0.346587,28191,6.9,6.636189561607583,0.2638104383924169
4.096128,0.335463,29182,5.0,6.647669843390865,1.6476698433908652
4.098385,0.366971,14312,7.7,6.535331157390678,1.1646688426093226
4.082419,0.357806,29727,5.9,6.649677689937831,0.7496776899378306
4.080632,0.205619,6948,6.1,6.3870216750168805,0.2870216750168808
4.086988,0.363173,28812,6.0,6.647380941858068,0.647380941858068
4.075503,0.345279,32016,6.2,6.656705323858612,0.4567053238586114
4.118666,0.36053,18316,7.4,6.552920908864557,0.8470790911354431
4.015127,0.125593,13164,6.3,6.419813508612982,0.11981350861298257
4.089169,0.370295,20714,6.3,6.594666258222472,0.29466625822247217
4.068653,0.355554,8508,6.2,6.471730940376343,0.2717309403763428
4.079997,0.357183,10969,3.5,6.515177270690892,3.0151772706908924
4.072881,0.384965,3426,6.6,6.478570724121558,0.12142927587844188
4.0611,0.350494,12414,5.6,6.504353316435787,0.9043533164357873
4.054922,0.342135,13869,5.4,6.511806859974033,1.111806859974033
4.068882,0.384337,6428,6.4,6.477929249888761,0.07792924988876049
4.077716,0.369404,9213,6.8,6.503948944027554,0.29605105597244563
4.069395,0.334545,9986,7.1,6.47822299791846,0.6217770020815401
4.056013,0.339701,29511,6.4,6.632198839899721,0.2321988398997208
4.079722,0.140617,17694,5.8,6.437029454673097,0.6370294546730975
4.035827,0.36861,7878,6.3,6.525437749299817,0.2254377492998172
4.088091,0.38165,5956,5.5,6.53113327786167,1.0311332778616702
4.080642,0.375596,3893,6.0,6.45566543854484,0.4556654385448402
4.049503,0.358974,9570,6.8,6.531591582122241,0.26840841787775904
4.111146,0.352102,32025,5.3,6.68231635925995,1.3823163592599501
4.120434,0.353393,24976,6.0,6.626990113434318,0.6269901134343181
4.070197,0.35039,28995,6.7,6.649732381981943,0.050267618018057014
4.08952,0.354958,21297,6.3,6.565066898764719,0.26506689876471956
4.060167,0.352292,17230,6.1,6.576329108637658,0.47632910863765865
4.082661,0.366226,19702,6.3,6.560822314158342,0.2608223141583421
4.053262,0.335933,27544,5.8,6.627981906656283,0.8279819066562828
4.041904,0.18457,12502,6.1,6.42871642849536,0.3287164284953601
4.093725,0.370042,5925,3.7,6.468171649359998,2.7681716493599975
4.099765,0.340236,25520,7.1,6.622152710394458,0.4778472896055419
4.091285,0.360274,20722,6.7,6.5855895804160145,0.11441041958398568
4.225631,0.355634,14673,6.6,6.590198090323336,0.009801909676663279
4.05174,0.37212,11633,5.6,6.519648828214338,0.9196488282143385
4.104332,0.34616,13900,5.8,6.5089472218275795,0.7089472218275796
4.078819,0.352252,21278,6.3,6.590773975629062,0.2907739756290626
4.056359,0.346276,21476,6.6,6.597926712960291,0.00207328703970866
4.082152,0.195951,9246,4.1,6.412867810815837,2.3128678108158374
4.055058,0.344717,10645,7.3,6.500858342138424,0.7991416578615755
4.045703,0.31812,34884,6.4,6.676637820868798,0.27663782086879785
4.088545,0.340597,35906,6.9,6.683356323045814,0.2166436769541864
4.071549,0.345654,17292,6.2,6.545889883854324,0.3458898838543236
4.111616,0.39969,5908,6.9,6.496818199874037,0.4031818001259637
4.074348,0.377962,5359,5.4,6.466677973418586,1.066677973418586
4.048435,0.345786,14530,7.5,6.5037963902686275,0.9962036097313725
4.060177,0.206636,4706,5.2,6.368575680664016,1.1685756806640155
4.112799,0.368438,9075,5.9,6.492430751627859,0.5924307516278589
4.051172,0.138409,13575,6.7,6.385591519694971,0.3144084803050289
4.085349,0.379295,7721,5.4,6.4978339635891444,1.097833963589144
4.054084,0.195107,11648,5.9,6.432673787594155,0.5326737875941543
4.087877,0.330233,29217,6.4,6.628760259402137,0.2287602594021365
4.05348,0.347379,22108,4.7,6.590939494772272,1.8909394947722715
4.088497,0.129662,20238,4.5,6.4330571738116555,1.9330571738116555
4.058075,0.371763,6307,7.2,6.521540662959141,0.6784593370408594
4.086404,0.35629,26568,5.6,6.632689257323287,1.0326892573232875
4.033852,0.13288,15423,5.4,6.410004533408916,1.0100045334089156
4.068582,0.338347,15230,6.0,6.5557270795785065,0.5557270795785065
4.07155,0.344413,18058,7.4,6.531565637835475,0.8684343621645256
4.104042,0.13698,16962,3.5,6.379031167222156,2.8790311672221556
4.061918,0.135998,13644,5.5,6.419667817986413,0.9196678179864133
4.100839,0.135972,20010,6.8,6.48173659529522,0.3182634047047799
4.063266,0.130149,18882,7.4,6.462002187956659,0.9379978120433412
4.059959,0.126712,17190,7.4,6.405021328531246,0.9949786714687541
4.06331,0.347709,16498,5.9,6.5383821871378025,0.6383821871378021
4.101085,0.141172,12024,7.4,6.431898226778323,0.9681017732216777
4.072605,0.133622,14436,7.5,6.391865347475059,1.1081346525249414
4.086412,0.351478,19264,6.4,6.547675906667672,0.14767590666767205
4.091833,0.138676,10410,6.7,6.392480407334834,0.30751959266516593
4.049121,0.127946,8061,7.3,6.363438837946343,0.9365611620536569
4.063851,0.186647,9814,6.6,6.392417410044264,0.2075825899557353
4.104348,0.360376,24662,5.7,6.618616818668387,0.9186168186683865
4.073468,0.362312,17372,6.6,6.56376662848235,0.036233371517649715
4.124484,0.384119,6032,7.1,6.504492712043693,0.5955072879563064
4.079507,0.330973,12649,7.1,6.509856648403474,0.5901433515965255
4.20646,0.298862,24555,5.2,6.566957286975279,1.3669572869752784
4.082911,0.13653,14316,5.7,6.429840387436663,0.7298403874366626
4.089977,0.372767,4976,7.8,6.462820033275584,1.337179966724416
4.078588,0.362288,11743,6.5,6.552184905735206,0.0521849057352064
4.068555,0.189314,12330,6.5,6.4334906673432,0.06650933265679981
4.072662,0.366968,5060,3.0,6.512923917419483,3.5129239174194833
4.115405,0.313593,18730,4.9,6.547282428207452,1.6472824282074514
4.071834,0.355589,23316,7.1,6.601728986442605,0.4982710135573942
4.07,0.375876,6676,5.1,6.528635636043357,1.4286356360433574
4.065751,0.375985,7950,5.7,6.494941573196529,0.794941573196529
4.07812,0.382875,6028,7.4,6.484977414782443,0.9150225852175575
4.077566,0.201311,6526,6.6,6.3807132927867745,0.21928670721322518
4.070219,0.196424,13780,7.3,6.393971626948991,0.9060283730510088
4.052485,0.329221,10675,5.6,6.478343700146812,0.8783437001468126
4.078572,0.383061,4453,8.0,6.454446199714713,1.5455538002852869
4.110966,0.140462,16368,6.4,6.467078849820957,0.06707884982095624
4.11855,0.361125,4662,6.4,6.456940379922465,0.056940379922465034
4.069057,0.354315,10580,7.0,6.4920074839993305,0.5079925160006695
4.097073,0.358484,7194,7.6,6.469318903504463,1.130681096495537
4.075103,0.186991,12832,7.1,6.453515255351393,0.6464847446486068
4.059897,0.336642,20628,5.7,6.567459214762212,0.8674592147622118
4.085021,0.380033,5279,6.0,6.525309755454752,0.5253097554547521
4.09687,0.360353,22592,6.0,6.602700397827738,0.6027003978277383
4.074253,0.382545,5654,7.6,6.481279483662194,1.118720516337806
4.068097,0.37126,13017,6.0,6.53720454560357,0.5372045456035703
4.087231,0.388059,5825,5.2,6.479429604046455,1.279429604046455
4.062329,0.351923,9558,5.2,6.52880061602232,1.3288006160223196
4.061277,0.144726,11232,6.7,6.374586764184349,0.32541323581565074
4.1117,0.355039,26091,7.0,6.62642254879704,0.3735774512029604
4.062483,0.380188,4355,4.2,6.449110106688709,2.2491101066887085
4.078663,0.369281,8582,6.2,6.537375760294979,0.33737576029497873
4.060646,0.336642,25551,6.4,6.617319865560232,0.2173198655602313
4.075176,0.348556,20072,7.2,6.571611263790254,0.6283887362097458
4.068198,0.344768,18380,5.8,6.554101987032761,0.7541019870327608
4.092455,0.360173,14334,7.0,6.542337755510282,0.45766224448971826
4.06395,0.334851,25902,7.5,6.612982553620532,0.8870174463794678
4.089902,0.203031,5336,7.5,6.404869837129208,1.0951301628707917
4.064176,0.37137,10245,5.5,6.516915743852213,1.0169157438522127
4.058713,0.387879,5272,6.4,6.45959239602793,0.05959239602792987
4.093841,0.137314,13935,7.1,6.393971021768454,0.7060289782315454
3.978692,0.135659,13617,6.0,6.391550251054785,0.3915502510547846
4.105043,0.361314,22017,6.7,6.604774750302734,0.09522524969726653
4.046333,0.358171,14718,6.1,6.524452935701339,0.42445293570133913
4.075397,0.339431,21404,5.8,6.578957591969649,0.7789575919696494
4.051197,0.360425,7122,5.9,6.479401763046894,0.579401763046894
4.061568,0.341948,34362,7.2,6.685422361158995,0.514577638841005
4.06785,0.363762,18632,4.4,6.5732705788598755,2.173270578859875
4.063791,0.132124,19248,6.5,6.423834954125738,0.0761650458742622
4.077585,0.362767,17930,6.4,6.568099992707296,0.1680999927072957
4.073615,0.189152,12766,7.0,6.438763986821189,0.561236013178811
4.094819,0.344162,28512,6.9,6.6463231250943595,0.25367687490564084
4.063265,0.133382,19446,6.1,6.38715719096102,0.28715719096102
4.056785,0.348881,10107,5.5,6.498637185411473,0.9986371854114733
4.075801,0.204191,7444,6.1,6.399892305492058,0.29989230549205814
4.069051,0.367709,7261,5.8,6.5264994591571694,0.7264994591571696
4.09045,0.346037,19334,6.9,6.569085541740588,0.33091445825941257
4.091313,0.347382,36477,6.7,6.697622731347343,0.002377268652657527
4.07062,0.195305,7810,7.4,6.384856744071309,1.0151432559286917
4.095914,0.365427,26715,4.4,6.6416208664814755,2.241620866481475
4.075045,0.352817,14080,6.5,6.52238560386027,0.02238560386027011
4.070699,0.37756,5889,5.0,6.490929049298576,1.4909290492985763
4.076677,0.375721,5424,7.5,6.465902599632798,1.0340974003672017
4.059817,0.335475,24129,6.5,6.591637762190742,0.09163776219074204
4.154921,0.370875,7906,7.5,6.50723012667576,0.9927698733242396
4.086722,0.350931,26361,6.1,6.631121188886892,0.5311211888868925
4.098428,0.321111,17522,6.4,6.541011617715618,0.141011617715618
4.067538,0.353959,11177,6.9,6.510937285182813,0.3890627148171877
4.098239,0.135068,17952,5.9,6.42180458731759,0.5218045873175896
4.064221,0.199699,9748,7.1,6.400579651932462,0.6994203480675374
4.089133,0.351465,28062,6.5,6.6438306633493935,0.14383066334939354
4.071102,0.358946,10032,6.4,6.48535489011586,0.08535489011585984
4.085123,0.391226,5232,6.8,6.497433347429522,0.3025666525704782
4.088431,0.369185,6945,7.7,6.495668777995612,1.204331222004388
4.0444,0.13328,11844,6.3,6.3996014938786585,0.09960149387865869
4.077113,0.351405,33873,5.8,6.674215038177368,0.8742150381773683
4.043845,0.324041,28716,5.8,6.614378857906971,0.8143788579069708
4.067038,0.381926,8147,6.9,6.541433820096174,0.35856617990382667
4.068338,0.34995,26114,6.7,6.625720598746228,0.07427940125377219
4.054268,0.194587,8054,7.4,6.396510806247703,1.003489193752297
4.069072,0.373186,8698,7.4,6.4859109496195835,0.9140890503804169
4.054362,0.371512,4931,5.7,6.512209013816189,0.8122090138161893
4.029735,0.352807,7856,7.4,6.513433613908021,0.886566386091979
4.091001,0.341317,27663,8.0,6.638680165759549,1.3613198342404509
4.120124,0.355478,21580,5.6,6.601375320991815,1.0013753209918157
4.028646,0.329467,28677,5.9,6.6264906375506305,0.7264906375506301
4.065526,0.369514,4283,5.1,6.508665066125028,1.4086650661250282
4.087055,0.337417,29379,6.6,6.609008555066319,0.009008555066319701
4.0456,0.334835,17552,7.0,6.542155107158613,0.4578448928413872
4.042374,0.154207,11308,5.7,6.422148823387104,0.7221488233871041
4.087633,0.344733,23523,6.7,6.614764019448696,0.0852359805513041
4.079099,0.366424,5266,6.8,6.472151738837624,0.32784826116237564
4.098937,0.370173,16240,5.3,6.564187757359262,1.2641877573592621
4.051033,0.189217,8878,4.9,6.40050203016994,1.5005020301699394
4.063574,0.35299,15218,7.3,6.541345007847944,0.7586549921520556
4.062841,0.131378,14964,7.0,6.42905481829617,0.5709451817038298
4.055136,0.349309,24267,6.0,6.617136214871953,0.6171362148719526
4.057403,0.346691,18510,6.4,6.5632659178109956,0.1632659178109952
4.074148,0.189095,13132,6.1,6.441085653616652,0.341085653616652
4.061136,0.361274,7784,5.4,6.469672295674992,1.0696722956749918
4.086081,0.200556,10326,5.2,6.433517335275445,1.2335173352754447
4.018678,0.122776,20391,4.3,6.431390833862245,2.1313908338622456
4.097505,0.370023,9314,7.2,6.493893825190695,0.7061061748093049
4.074047,0.344994,36630,5.9,6.7064715043405165,0.8064715043405162
4.078169,0.36773,8556,6.9,6.482475369998558,0.41752463000144235
4.089448,0.355335,16112,6.6,6.552072891272256,0.04792710872774375
4.085607,0.357677,16416,4.0,6.5563496608940675,2.5563496608940675
4.076744,0.393789,5218,5.5,6.533008568535531,1.0330085685355312
4.076332,0.202785,10816,6.9,6.378673506091831,0.5213264939081697
4.062591,0.353498,22248,5.6,6.589840977014032,0.9898409770140324
4.057941,0.332402,24042,5.5,6.594830044857293,1.094830044857293
4.06742,0.320208,25594,6.9,6.5932138401946965,0.3067861598053039
4.05566,0.36374,4488,5.4,6.44711126699911,1.04711126699911
4.057046,0.189579,12292,7.1,6.433365762481541,0.6666342375184584
4.082506,0.32866,41049,8.2,6.735302631164772,1.4646973688352274
4.048536,0.363838,4121,6.0,6.465915997285058,0.46591599728505795
4.048799,0.316165,39510,7.0,6.717675930498135,0.2823240695018647
4.085954,0.135569,15555,6.0,6.440587780052972,0.4405877800529723
4.102126,0.351349,27216,6.7,6.606342790163915,0.09365720983608483
4.093849,0.34577,27570,6.7,6.638049016124785,0.06195098387521547
4.075967,0.352433,27870,5.7,6.641733429529146,0.9417334295291457
4.062196,0.36027,14410,7.6,6.539010174905077,1.0609898250949223
4.077392,0.35933,19648,5.6,6.573228575596615,0.9732285755966155
4.079054,0.362281,22432,6.4,6.60009899263707,0.20009899263706998
4.089067,0.379318,6728,7.5,6.534486226440604,0.9655137735593957
4.089398,0.389773,6397,6.0,6.539668806246036,0.539668806246036
4.062737,0.365166,6922,5.1,6.481794100567439,1.381794100567439
4.076322,0.349423,48081,6.9,6.74794108015824,0.15205891984176034
4.070422,0.34565,19744,7.2,6.544175740618647,0.6558242593813528
4.049617,0.339322,36177,6.0,6.652132131088489,0.6521321310884893
4.052672,0.136673,12492,5.3,6.4082923561403655,1.1082923561403657
4.10023,0.358612,27906,4.5,6.648695589429615,2.1486955894296154
4.038317,0.329266,23439,7.4,6.591024080427319,0.8089759195726813
4.062988,0.344017,21392,6.5,6.553386893745438,0.05338689374543826
4.097017,0.372207,9728,6.7,6.512370874097651,0.18762912590234926
4.054421,0.342476,29896,6.7,6.648519007750961,0.051480992249039126
4.041216,0.127987,15015,5.7,6.423649843325189,0.7236498433251892
4.09322,0.358052,17474,7.9,6.566018341210897,1.3339816587891038
4.070762,0.385463,6128,6.4,6.531946081099072,0.13194608109907158
4.073269,0.376155,8038,4.9,6.537825943952352,1.6378259439523513
4.097929,0.375576,8270,6.6,6.502607873194527,0.09739212680547293
4.091611,0.33928,29337,7.4,6.636131902909909,0.7638680970900911
4.060616,0.341662,29127,6.6,6.642966257953967,0.04296625795396736
4.088673,0.33867,51711,4.6,6.785783792583843,2.1857837925838437
4.07782,0.348293,29403,7.9,6.65208945868858,1.2479105413114207
4.076286,0.355155,11745,6.5,6.495567704942037,0.004432295057963387
4.089998,0.354864,18550,4.6,6.569227399856057,1.9692273998560577
4.080171,0.363372,20140,3.6,6.586899684046011,2.9868996840460107
4.052557,0.329304,21694,7.0,6.543123397348724,0.45687660265127583
4.058205,0.384879,3093,7.5,6.51061818699047,0.9893818130095298
4.029606,0.120232,18822,6.1,6.421714352923458,0.3217143529234585
4.081582,0.145234,9630,6.2,6.32949951364321,0.12949951364320977
4.076065,0.204796,6526,7.0,6.392386391148121,0.6076136088518789
4.01581,0.345197,20878,7.1,6.568112874648827,0.5318871253511723
4.047857,0.129448,20298,5.6,6.427122263831971,0.8271222638319715
4.035999,0.350844,5622,6.0,6.4610825705794594,0.46108257057945945
4.064087,0.34182,19946,5.3,6.541771046731166,1.2417710467311665
4.069918,0.351495,15478,6.2,6.518208135506541,0.3182081355065405
4.056867,0.339061,32427,6.5,6.626679352141229,0.12667935214122927
4.030933,0.36262,6167,6.4,6.477005981457751,0.0770059814577504
4.088665,0.380461,5169,7.1,6.525525337204812,0.574474662795188
4.072538,0.326121,14259,7.6,6.491664284734383,1.1083357152656168
4.069556,0.345015,14658,6.3,6.534557986327224,0.23455798632722402
4.100599,0.387229,10063,6.6,6.510977927881905,0.08902207211809454
4.092158,0.388498,7887,7.4,6.49512662721732,0.9048733727826805
4.054168,0.346555,15484,6.6,6.512044831052593,0.08795516894740629
4.089723,0.139641,13002,4.5,6.388218474311301,1.8882184743113006
4.084152,0.346143,32121,5.7,6.675077993676524,0.9750779936765239
4.095787,0.355114,24999,6.2,6.620667735510588,0.42066773551058745
4.140538,0.356504,16642,7.1,6.564441144094621,0.5355588559053786
4.075667,0.202032,6034,6.2,6.406155783306426,0.2061557833064258
4.038899,0.127568,19323,7.6,6.4725940680294975,1.127405931970502
4.048019,0.333207,19158,6.1,6.5731726422355115,0.4731726422355118
4.084639,0.356039,10526,5.0,6.541339464530085,1.5413394645300853
4.050407,0.348206,5709,5.9,6.46725150101381,0.5672515010138097
4.077811,0.196015,10760,7.2,6.4074538933115885,0.7925461066884116
4.045939,0.360898,5676,6.8,6.467465266460694,0.3325347335393056
4.070552,0.333954,8904,7.6,6.459201123202792,1.1407988767972075
4.055793,0.338444,26481,6.2,6.621562343031618,0.421562343031618
4.066056,0.345188,21558,4.8,6.599296988891533,1.7992969888915331
4.065539,0.183505,13398,6.2,6.437468610637642,0.23746861063764158
4.07229,0.353751,10722,6.2,6.509981464864903,0.30998146486490263
4.063505,0.337255,25228,5.6,6.612572872220107,1.0125728722201073
4.088684,0.360177,19926,5.6,6.559028156955476,0.9590281569554762
4.067159,0.134463,13950,6.4,6.438387937958183,0.038387937958182405
4.069752,0.348809,24315,5.4,6.611451160606151,1.2114511606061509
4.100963,0.316408,12334,7.5,6.50132580102618,0.9986741989738199
4.159958,0.201467,8884,4.6,6.443067689941159,1.8430676899411598
4.08554,0.200161,6548,5.1,6.409699506891775,1.309699506891775
4.038139,0.350024,17456,6.7,6.55328125675131,0.14671874324869005
4.079635,0.310581,35847,5.3,6.690137985284709,1.390137985284709
4.091448,0.375693,10055,5.3,6.522577174032561,1.222577174032561
4.13955,0.35332,15230,6.1,6.52939849251632,0.4293984925163201
4.060165,0.404241,3512,7.4,6.452148382035937,0.947851617964063
4.088501,0.349887,26064,7.1,6.6259658751372985,0.47403412486270113
4.085788,0.355794,15456,7.1,6.537594237370563,0.562405762629437
4.08036,0.198416,10398,5.9,6.423427414121426,0.5234274141214259
4.072037,0.345009,26463,6.4,6.616411566659986,0.2164115666599855
4.09279,0.13115,18051,6.1,6.461276467949623,0.3612764679496232
4.095575,0.337988,37023,7.6,6.7155409262256285,0.8844590737743712
4.109764,0.351856,24174,5.9,6.610368960877154,0.7103689608771537
4.094628,0.386179,6531,5.1,6.48428657512511,1.3842865751251106
4.096985,0.354011,6859,5.6,6.463699983568905,0.863699983568905
4.078481,0.368681,14564,5.3,6.545453914166,1.2454539141660002
4.09145,0.368792,9199,6.0,6.542991847827991,0.5429918478279907
4.05757,0.391069,4733,5.4,6.468950743945374,1.0689507439453738
4.066733,0.34816,31611,6.7,6.6291543686501075,0.07084563134989263
4.054413,0.379382,4376,5.7,6.514178440357983,0.814178440357983
4.075801,0.192847,11474,7.2,6.445561832608801,0.7544381673911991
4.11751,0.356274,16736,7.5,6.563544159494044,0.936455840505956
4.082473,0.351629,23382,6.2,6.6003955955092515,0.4003955955092513
4.069844,0.354421,27627,6.5,6.637570695259138,0.13757069525913757
4.066302,0.129637,19764,6.3,6.481471563747649,0.1814715637476496
4.079383,0.333862,31419,7.4,6.619555488102181,0.7804445118978194
4.070521,0.35031,30069,7.0,6.656701850104717,0.34329814989528273
4.047151,0.32642,29451,6.6,6.594894235065954,0.005105764934045354
4.061173,0.340096,22335,6.5,6.599812864247507,0.09981286424750735
4.077334,0.136396,14190,7.1,6.442777583315634,0.6572224166843652
4.053213,0.185692,13952,7.2,6.41965980284156,0.7803401971584405
4.078869,0.336171,20768,7.4,6.571052382717577,0.8289476172824237
4.060173,0.344871,6151,5.6,6.448264216822297,0.8482642168222974
4.167994,0.194358,9438,6.2,6.4456720830652845,0.24567208306528432
4.066145,0.345381,26334,5.3,6.629097403893639,1.3290974038936394
4.076479,0.19841,11392,6.6,6.379596084806123,0.22040391519387637
4.081624,0.345628,17806,5.6,6.556572869841499,0.9565728698414997
4.102935,0.364443,8971,7.7,6.504128905557598,1.1958710944424018
4.058528,0.364732,13795,5.7,6.534453537560106,0.8344535375601057
4.12758,0.405927,3467,5.7,6.538909215136068,0.8389092151360682
4.091077,0.368353,17680,7.7,6.571682662227947,1.128317337772053
4.062426,0.355383,14686,5.2,6.538035355570061,1.338035355570061
4.066564,0.180061,9650,6.6,6.387336196210635,0.2126638037893649
4.040315,0.117581,21126,6.1,6.424072684965999,0.3240726849659996
4.099457,0.365214,8269,5.2,6.498412260624211,1.298412260624211
4.078101,0.357356,26622,7.2,6.6410959436706785,0.5589040563293217
4.043009,0.19005,11492,4.7,6.4215540105859175,1.7215540105859173
4.045414,0.189046,12750,7.0,6.377217991307411,0.6227820086925888
4.080371,0.192779,10712,7.3,6.371367137713832,0.9286328622861681
4.165662,0.209296,10958,6.1,6.399297639212938,0.2992976392129387
4.050609,0.368466,5286,6.1,6.455324462679942,0.3553244626799428
4.064469,0.34993,21000,7.7,6.579542228126323,1.120457771873677
4.081029,0.187263,11444,6.3,6.372649997229507,0.07264999722950716
4.038197,0.342893,6345,5.4,6.498644835986528,1.0986448359865273
4.078202,0.14207,9546,4.5,6.409174345473161,1.9091743454731613
4.065238,0.356151,24015,6.3,6.605240647075371,0.30524064707537146
4.060318,0.330795,14619,5.1,6.495551416034896,1.3955514160348965
3.996285,0.370305,8927,6.2,6.4964261590116115,0.2964261590116113
4.067985,0.334496,21315,6.5,6.572184840979265,0.07218484097926492
4.081415,0.355725,22872,6.2,6.61724231155866,0.41724231155865965
4.065314,0.377662,7081,4.8,6.477109879522494,1.6771098795224946
4.048397,0.360074,9700,5.2,6.532970966979237,1.3329709669792367
4.092356,0.206105,5178,7.3,6.406407838552755,0.8935921614472448
4.071936,0.380967,4853,6.1,6.455596698002345,0.35559669800234506
4.071048,0.38432,4559,5.1,6.485943102611445,1.3859431026114457
4.070025,0.345674,27648,6.3,6.6338982265942885,0.3338982265942887
4.020628,0.133058,6297,7.2,6.370429500603674,0.8295704993963264
4.095573,0.204969,6278,7.1,6.39425710310936,0.7057428968906398
4.083811,0.345714,20418,7.4,6.575028440351365,0.8249715596486356
4.040223,0.135055,14463,5.3,6.438161013236178,1.1381610132361786
4.067383,0.348702,31305,4.4,6.665897703944393,2.2658977039443924
4.067221,0.325877,24788,6.9,6.600150226742267,0.29984977325773343
4.085921,0.195612,10410,6.0,6.4233976026414705,0.4233976026414705
4.088189,0.386203,6091,5.7,6.480123244587759,0.7801232445877586
4.071635,0.358243,22016,6.8,6.593344343713433,0.2066556562865669
4.065593,0.134705,13908,4.7,6.38773945558415,1.6877394555841496
4.137352,0.366759,13170,7.0,6.53330635768684,0.46669364231316024
4.086311,0.134072,16257,5.7,6.459376785627071,0.7593767856270706
4.089183,0.320401,14640,5.0,6.5185847512594774,1.5185847512594774
4.092906,0.363959,7888,4.4,6.47811773153675,2.07811773153675
4.073661,0.355418,5456,7.4,6.507613256104741,0.8923867438952593
4.072728,0.13795,13872,5.5,6.4103070498278445,0.9103070498278445
4.06627,0.330242,25377,5.2,6.598083894356602,1.3980838943566019
4.119834,0.371101,4706,6.0,6.5213908097005024,0.5213908097005024
4.102705,0.201429,12370,4.6,6.42629978348451,1.8262997834845107
4.056492,0.346138,15682,5.5,6.513528458939912,1.0135284589399118
4.050227,0.13334,11013,6.8,6.41221099662775,0.38778900337224975
4.107882,0.362029,12526,6.6,6.531612140953977,0.06838785904602229
4.049375,0.184062,12316,5.0,6.4063386143392265,1.4063386143392265
4.048873,0.350175,24384,6.5,6.603829050581911,0.10382905058191128
4.068702,0.182564,11722,5.6,6.40407885162683,0.80407885162683
4.072727,0.344452,12197,6.5,6.5144531081355375,0.014453108135537462
4.066629,0.360614,12491,6.8,6.553695118102873,0.24630488189712718
4.052899,0.359003,24844,5.3,6.611135198341495,1.3111351983414954
4.083369,0.391186,5183,6.4,6.4765173891123915,0.07651738911239114
4.070561,0.35452,17232,7.2,6.54912100957946,0.6508789904205399
4.026422,0.128342,9051,5.8,6.369989046637264,0.5699890466372644
4.086303,0.363813,26856,4.4,6.648345495918329,2.248345495918328
4.082069,0.362583,10509,6.7,6.493186242625945,0.20681375737405538
4.061453,0.342576,13893,6.0,6.523584668189473,0.5235846681894731
4.067769,0.128132,18720,6.5,6.472936838061914,0.02706316193808611
4.034908,0.132978,11748,5.9,6.4152356244924835,0.5152356244924832
3.192859,0.256287,10026,7.0,6.268163581741997,0.7318364182580028
4.070833,0.38181,5908,6.2,6.493877561452155,0.29387756145215516
3.994897,0.359306,12160,8.0,6.48792211730541,1.51207788269459
4.096689,0.343777,27447,7.6,6.6399727173152385,0.9600272826847611
4.093055,0.199206,12704,5.7,6.392200797249253,0.692200797249253
4.070816,0.351924,28911,5.8,6.647604158130475,0.8476041581304754
4.067044,0.139336,11868,6.3,6.39787397645608,0.09787397645608031
4.083769,0.340487,40422,5.2,6.688642845908468,1.4886428459084682
4.102372,0.196849,11942,7.4,6.440306671599084,0.9596933284009159
4.072145,0.341599,25092,7.3,6.610716942218422,0.6892830577815774
4.093368,0.134619,18222,6.5,6.476092891825627,0.023907108174372915
4.07266,0.327735,22310,5.8,6.575551193066673,0.775551193066673
4.080536,0.35895,17180,7.0,6.583971842801887,0.41602815719811304
4.023316,0.128633,20547,5.8,6.467521571936438,0.6675215719364385
4.08432,0.331965,40212,6.3,6.6810807990435395,0.38108079904353964
4.041409,0.205252,6804,6.1,6.408780462235512,0.3087804622355126
4.070224,0.359336,13856,5.6,6.512486797869458,0.912486797869458
4.058134,0.181402,10960,7.0,6.433714790837153,0.5662852091628467
4.055959,0.335865,21615,6.8,6.5478847328206005,0.25211526717939936
4.043489,0.130159,16134,6.3,6.358141664623007,0.058141664623007294
4.084371,0.356546,21063,5.7,6.585455024616014,0.8854550246160136
4.069609,0.361155,24918,6.6,6.5917949813924,0.008205018607599257
4.061285,0.363112,4245,7.5,6.445879638805471,1.0541203611945287
4.061244,0.367236,8692,5.4,6.496222706571108,1.0962227065711074
4.086148,0.369455,7484,7.0,6.491902346977026,0.5080976530229737
4.101381,0.361771,19120,6.8,6.574617596289624,0.225382403710376
4.073655,0.33156,34374,6.5,6.6830719954035835,0.18307199540358354
4.057428,0.330004,30411,7.1,6.648833427270225,0.45116657272977445
4.08613,0.349045,24333,7.1,6.581652133285509,0.5183478667144907
4.113901,0.344165,14912,6.7,6.543543458402224,0.1564565415977759
4.061721,0.347576,19928,5.3,6.569932790032048,1.2699327900320485
4.012772,0.312711,25296,5.3,6.5877209383681485,1.2877209383681487
4.068717,0.371952,9047,5.4,6.509453201193962,1.1094532011939613
4.055944,0.365333,9862,6.7,6.508958386512498,0.19104161348750193
4.066559,0.362989,6816,6.2,6.52008043798525,0.32008043798524977
4.056431,0.143384,4587,6.2,6.344623028315819,0.1446230283158192
4.071075,0.370182,7879,5.3,6.500324869799141,1.2003248697991413
4.095363,0.139101,7560,7.2,6.3952819224544495,0.8047180775455507
4.085139,0.363914,9660,5.3,6.541455885074971,1.2414558850749708
4.073202,0.3776,5187,3.2,6.521106384194631,3.321106384194631
4.070113,0.347979,10224,6.3,6.486367297811292,0.1863672978112918
4.09072,0.397913,4631,6.6,6.478718708901008,0.12128129109899177
4.043311,0.187696,9370,5.8,6.3520279008214064,0.5520279008214066
4.058507,0.316721,19683,7.1,6.520807006683082,0.5791929933169175
4.089004,0.197306,8312,6.8,6.406878748229946,0.3931212517700535
4.030191,0.344535,9178,6.6,6.467918867046529,0.1320811329534708
4.088129,0.335089,20132,6.6,6.56722528946708,0.03277471053291947
4.077209,0.199963,12390,7.3,6.4444530487628455,0.8555469512371543
4.062297,0.350754,19488,6.2,6.589645209250358,0.38964520925035817
4.085076,0.354721,19930,6.2,6.598893684575447,0.39889368457544716
4.089805,0.352358,31671,7.3,6.670951850945231,0.6290481490547686
4.048809,0.371996,11374,6.7,6.523022677509964,0.1769773224900364
4.053827,0.369042,4347,5.7,6.449649595894942,0.7496495958949421
4.053154,0.133018,11763,7.4,6.400548255480617,0.9994517445193836
4.039282,0.207117,3720,7.1,6.325533046786624,0.7744669532133752
4.057652,0.340848,27846,6.6,6.633536080086201,0.03353608008620146
4.062113,0.353942,14216,6.4,6.533456554182845,0.1334565541828443
4.06577,0.125391,17040,5.3,6.420193896532102,1.1201938965321023
4.056564,0.195817,13832,7.5,6.446786066915276,1.0532139330847237
4.049678,0.345609,24879,7.2,6.602090757784249,0.597909242215751
4.075825,0.362508,20392,8.0,6.585211226247698,1.414788773752302
4.071002,0.360722,8892,6.8,6.532149410522233,0.2678505894777672
4.056843,0.19299,12664,5.4,6.381374195114302,0.9813741951143014
4.066034,0.204678,12558,6.8,6.446881592373311,0.3531184076266891
4.070232,0.373371,5035,6.2,6.460379102388753,0.26037910238875295
4.08496,0.366068,5920,3.6,6.46068213483861,2.86068213483861
4.072813,0.133374,20079,7.1,6.3932134149164215,0.7067865850835782
4.110229,0.145324,11796,7.2,6.349636161478096,0.8503638385219041
4.069282,0.367131,10130,6.3,6.543953627017378,0.24395362701737788
4.119663,0.364154,14680,6.1,6.551262330803571,0.45126233080357103
4.052021,0.381793,5059,6.7,6.472626299911799,0.2273737000882008
4.078744,0.357891,5346,7.5,6.45090783655409,1.04909216344591
4.05099,0.337226,25587,7.3,6.608755614538008,0.6912443854619914
4.087861,0.331999,30237,6.7,6.611276593338355,0.08872340666164558
4.098673,0.204789,7910,6.7,6.4267168476061824,0.27328315239381773
4.074433,0.351365,14356,7.0,6.523971044132831,0.47602895586716887
4.091118,0.353542,21946,6.1,6.592739308280296,0.49273930828029666
4.076259,0.367012,4753,6.5,6.467935128436151,0.03206487156384874
4.109569,0.377045,5880,6.2,6.470150526358176,0.2701505263581758
4.088433,0.364476,12190,7.3,6.514134156096039,0.7858658439039612
4.079134,0.378268,9204,7.3,6.507914196242153,0.7920858037578471
4.061618,0.136636,10755,6.8,6.327883678456036,0.47211632154396366
4.089227,0.350956,13692,4.4,6.508431417931076,2.108431417931076
4.06313,0.36096,5250,6.8,6.474307609579512,0.32569239042048803
4.055456,0.134213,13548,6.2,6.402862777454018,0.20286277745401815
4.074113,0.134136,16449,4.5,6.445201533734583,1.9452015337345827
4.063824,0.350547,26769,4.8,6.596214880470329,1.7962148804703295
4.071843,0.356367,18106,5.8,6.566666452790184,0.7666664527901839
4.073887,0.380295,9044,7.4,6.515705288893483,0.8842947111065174
4.058187,0.353026,5140,5.9,6.501440962516222,0.6014409625162216
4.087382,0.387142,5482,5.8,6.466799405793886,0.6667994057938857
4.096681,0.350692,38508,7.5,6.727307071511168,0.7726929284888318
4.092255,0.345427,40782,7.1,6.696177825695477,0.4038221743045227
4.083987,0.374536,7037,7.6,6.532276695535874,1.0677233044641259
4.043297,0.339516,26376,5.7,6.6191267709028425,0.9191267709028423
4.046348,0.127777,12474,5.5,6.42056370911141,0.9205637091114101
4.051688,0.331798,22056,5.8,6.5473400776026836,0.7473400776026837
4.096742,0.356164,26802,7.0,6.6299401802666695,0.37005981973333046
4.052156,0.193936,11014,7.0,6.42103799403666,0.5789620059633398
4.082642,0.393017,5143,7.6,6.497595863359256,1.102404136640744
4.078541,0.127134,18999,5.7,6.382025967096502,0.6820259670965019
4.09387,0.345065,26588,7.8,6.629366434438493,1.1706335655615066
4.067584,0.13067,12042,5.5,6.421968114189783,0.9219681141897826
4.073817,0.345203,28082,7.2,6.638149304031773,0.5618506959682268
4.050252,0.351234,8649,6.4,6.4901757745497575,0.09017577454975712
4.065714,0.377454,5491,7.0,6.45822884376827,0.5417711562317296
4.117953,0.137709,14976,3.2,6.424498316697014,3.224498316697014
4.037062,0.342933,21188,6.2,6.5720888643872994,0.37208886438729927
4.074142,0.385722,8738,5.7,6.517128869458002,0.8171288694580019
4.103934,0.380431,8081,7.1,6.492619288559251,0.607380711440749
4.100639,0.369046,18194,4.5,6.577573509267349,2.0775735092673493
4.0548,0.350603,16414,7.2,6.537247220559696,0.6627527794403045
4.072289,0.337252,15260,6.1,6.536374521777215,0.43637452177721503
4.079329,0.356545,9582,5.2,6.504768273857753,1.3047682738577526
4.071553,0.36407,6658,7.9,6.480732948743225,1.4192670512567753
4.057395,0.335789,25707,3.2,6.6104234022382995,3.4104234022382993
4.086328,0.194853,10532,7.7,6.406368992206076,1.2936310077939241
4.066543,0.128205,9681,7.4,6.376565103863961,1.023434896136039
4.094151,0.373339,8688,8.1,6.543391107584951,1.5566088924150483
4.084388,0.353291,23709,5.4,6.621260035755802,1.2212600357558019
4.063202,0.376475,4902,6.7,6.470982041519597,0.2290179584804033
4.07304,0.352309,29052,5.7,6.6518762931813615,0.9518762931813614
4.062642,0.373035,4372,7.2,6.4759080239829325,0.7240919760170677
4.100446,0.334099,20476,7.1,6.590665713552607,0.5093342864473929
4.079948,0.129605,12555,6.8,6.411152862987729,0.388847137012271
4.087261,0.357379,23044,6.7,6.620416337732335,0.07958366226766511
4.061286,0.136506,18795,4.9,6.463689155574936,1.5636891555749353
4.075651,0.379199,4531,5.1,6.483083362168964,1.3830833621689642
4.084458,0.203848,10300,3.0,6.435348331006126,3.435348331006126
4.073458,0.13013,17205,5.7,6.449736098905796,0.749736098905796
4.075313,0.346204,16838,4.3,6.549084536393896,2.2490845363938963
4.072845,0.20225,11514,5.8,6.38263180762985,0.5826318076298502
4.094453,0.199071,12582,5.7,6.391475043744725,0.6914750437447248
4.093319,0.343744,23362,7.6,6.601161045442838,0.9988389545571614
4.073499,0.367384,5996,6.3,6.459618855563045,0.15961885556304534
4.102737,0.369252,30324,5.4,6.6763404107050315,1.2763404107050311
4.039843,0.337829,9216,5.6,6.459085507095372,0.8590855070953722
4.055954,0.190291,12442,6.6,6.434605082164113,0.16539491783588645
4.091447,0.373426,21630,7.3,6.603602204958791,0.696397795041209
4.068295,0.335621,34770,4.7,6.687006953141692,1.9870069531416918
4.097043,0.345911,32172,7.1,6.675956285798258,0.4240437142017415
4.122484,0.366051,25638,5.5,6.6363264653284215,1.1363264653284215
4.088415,0.348533,17964,7.7,6.556278770870955,1.1437212291290448
4.082859,0.359436,18008,5.2,6.543979166910774,1.3439791669107741
4.068949,0.202627,7950,4.1,6.421160990043647,2.321160990043647
4.066336,0.339041,29667,5.8,6.6474267920937,0.8474267920937004
4.08664,0.363446,19128,7.5,6.572476892665845,0.9275231073341548
4.069245,0.363566,12970,6.7,6.516536303121676,0.18346369687832453
4.0656,0.338937,32022,6.6,6.6251876855980445,0.02518768559804485
4.061549,0.341763,21984,5.0,6.580743521734143,1.580743521734143
4.066026,0.377385,6219,5.8,6.470942700017813,0.6709427000178128
4.074602,0.358937,8578,5.8,6.529570734885403,0.729570734885403
4.055267,0.135898,15267,6.4,6.432130012608884,0.03213001260888326
4.04428,0.33465,19186,7.5,6.52790815606612,0.9720918439338799
4.059348,0.194338,7074,6.1,6.343305122234008,0.24330512223400813
4.10994,0.212593,11256,6.6,6.442971248318828,0.15702875168117192
4.068566,0.361828,14686,8.0,6.568478722873858,1.4315212771261416
4.082053,0.200205,11468,4.6,6.41590359750687,1.8159035975068702
4.057811,0.191352,12362,6.2,6.435145364163344,0.23514536416334408
4.080166,0.385277,3903,7.3,6.469792030453539,0.8302079695464606
4.065876,0.374476,6891,7.3,6.486065206379983,0.8139347936200165
4.093324,0.361826,21807,6.7,6.601410262005342,0.09858973799465787
4.047471,0.338743,18262,6.6,6.571322012784413,0.028677987215586676
4.09087,0.366188,15070,4.2,6.529464470849732,2.3294644708497314
4.069826,0.358025,16578,6.4,6.544955018517003,0.14495501851700254
4.053646,0.187392,10948,5.0,6.435443000293171,1.435443000293171
4.088844,0.350213,27162,5.3,6.6029225295892715,1.3029225295892717
4.048278,0.356863,17444,7.6,6.557804696432481,1.0421953035675182
4.048887,0.334407,23658,6.2,6.560071574841625,0.36007157484162455
4.073099,0.362547,26694,3.7,6.644279503695145,2.944279503695145
4.068435,0.134357,10674,7.0,6.364891674672776,0.6351083253272236
4.041183,0.334763,19256,6.1,6.553578865348337,0.45357886534833725
4.088174,0.329881,32073,6.1,6.657735108675841,0.5577351086758418
4.083652,0.197004,9116,6.8,6.412527870432854,0.38747212956714616
4.114345,0.356862,7932,7.0,6.49857518146849,0.5014248185315102
4.116108,0.377959,7208,6.5,6.507546140005607,0.007546140005606716
4.0254,0.345457,16998,6.6,6.534049297853523,0.06595070214647691
4.04586,0.198776,12992,7.6,6.4387940634772445,1.1612059365227552
4.078546,0.367954,6624,6.4,6.466238294704969,0.06623829470496823
4.059607,0.364137,8519,7.1,6.530289393976796,0.5697106060232038
4.057721,0.132272,18885,5.2,6.4743267835423355,1.2743267835423353
4.152229,0.383225,4405,7.0,6.4688672332656765,0.5311327667343235
4.054004,0.322983,11847,5.7,6.469271225249354,0.7692712252493541
4.028288,0.121105,14688,5.4,6.4152125137296165,1.0152125137296162
4.099728,0.350481,15556,7.5,6.548912236694145,0.9510877633058552
4.075357,0.35543,26394,5.9,6.631417748049898,0.731417748049898
4.074394,0.138129,13428,5.6,6.43709529971057,0.8370952997105707
4.059816,0.137792,12204,5.1,6.407765292169368,1.3077652921693685
4.067846,0.346221,30177,6.1,6.655269365480267,0.5552693654802674
4.058579,0.342812,16930,4.8,6.520278497136489,1.7202784971364888
4.029944,0.335216,17962,6.2,6.549513511077519,0.34951351107751893
4.095252,0.205767,7776,7.0,6.422786411787054,0.5772135882129463
4.062438,0.202986,7772,6.4,6.388380143422278,0.011619856577722132
4.050719,0.33162,25227,6.7,6.610211235336906,0.08978876466309416
4.077571,0.381358,4477,5.7,6.484410981771567,0.7844109817715665
4.211599,0.336789,31482,4.7,6.691006141818777,1.9910061418187768
4.066474,0.338256,20768,5.9,6.589698999888664,0.6896989998886633
4.037516,0.34805,8894,7.3,6.487880301056615,0.812119698943385
4.114603,0.351333,33276,4.8,6.67565164342298,1.8756516434229802
4.101215,0.198695,12388,7.2,6.447551841397587,0.7524481586024132
4.070742,0.193079,8768,6.3,6.416162666496487,0.11616266649648743
5.729576,0.445738,28900,7.2,6.95374096771363,0.24625903228637025
4.047821,0.369281,5923,7.3,6.459946414297107,0.8400535857028926
4.061423,0.13842,16311,6.5,6.368366330088028,0.131633669911972
4.096892,0.365442,7310,7.2,6.475146468665456,0.7248535313345439
4.052179,0.185569,11118,6.5,6.36430759002284,0.13569240997716037
4.03846,0.377285,6332,6.1,6.4783572717552795,0.3783572717552799
4.076757,0.352114,8002,7.1,6.467019905923869,0.6329800940761308
4.067389,0.193788,6920,7.0,6.377020750948005,0.622979249051995
4.074822,0.370492,6230,6.3,6.522967543733802,0.22296754373380256
4.068288,0.37034,6929,6.8,6.471230634796716,0.3287693652032839
4.0798,0.361458,21102,7.4,6.609923560631158,0.7900764393688426
4.082443,0.340131,24603,6.2,6.61744686084509,0.4174468608450894
4.074943,0.336892,48723,6.6,6.743168528010826,0.14316852801082636
4.112897,0.374717,11233,6.0,6.527811305809274,0.5278113058092737
4.045196,0.363285,6726,6.5,6.516181104308199,0.016181104308198968
4.065362,0.35624,16228,5.5,6.540282835735217,1.0402828357352174
4.054879,0.34328,14918,6.3,6.505796037181688,0.20579603718168826
4.059497,0.350284,24300,6.1,6.618734391532026,0.5187343915320266
4.086192,0.349996,13458,5.9,6.518061342798387,0.618061342798387
4.07162,0.13292,17316,4.6,6.4515544148411355,1.8515544148411358
4.092134,0.371996,15774,6.8,6.558571008373055,0.24142899162694498
4.082497,0.350858,23334,6.1,6.599550490428179,0.4995504904281791
4.096878,0.135211,14124,6.5,6.356519428635285,0.14348057136471493
4.018312,0.338763,34419,7.1,6.666813572958301,0.43318642704169896
4.082463,0.348892,23265,5.5,6.597761602985086,1.097761602985086
4.044266,0.125516,12417,5.3,6.3286683397901315,1.0286683397901317
4.061707,0.345101,16436,7.2,6.547141957831472,0.6528580421685284
4.081904,0.13737,18372,5.9,6.4238103180831025,0.5238103180831022
4.072278,0.354685,6692,3.9,6.514554278742285,2.614554278742285
4.083282,0.360998,14152,4.8,6.528286080060731,1.7282860800607311
4.079351,0.348941,19726,6.6,6.569668546525268,0.030331453474731873
4.099681,0.385166,5519,5.5,6.497726278702095,0.9977262787020953
4.054345,0.378582,4955,7.0,6.451881960705775,0.5481180392942253
4.061168,0.364094,6786,6.0,6.480014247615038,0.4800142476150384
4.084004,0.358497,23316,5.8,6.604672261183049,0.8046722611830495
4.071727,0.36382,5173,6.1,6.469085599067519,0.36908559906751925
4.083522,0.387876,6620,5.8,6.538775319793843,0.7387753197938434
4.06355,0.373518,7627,6.4,6.531850193798863,0.13185019379886231
4.091715,0.348109,23967,4.6,6.620517244588932,2.020517244588932
4.084106,0.139136,15804,5.3,6.443926162393262,1.143926162393262
4.090445,0.382807,5216,5.6,6.471863216628169,0.871863216628169
4.083571,0.373389,7539,6.8,6.534536475464432,0.26546352453556743
4.099879,0.409759,3543,5.4,6.462822149922028,1.0628221499220274
4.062932,0.365032,6917,6.1,6.521509418482912,0.4215094184829127
4.057581,0.348209,23574,5.4,6.6033980358965865,1.2033980358965861
4.071166,0.370546,8094,5.6,6.480084526834258,0.8800845268342581
4.039013,0.323207,25629,8.3,6.591084764192265,1.7089152358077353
4.062861,0.346315,14950,6.6,6.52447296084484,0.07552703915515924
4.101383,0.350115,18922,6.2,6.56774889919426,0.3677488991942601
4.090136,0.35668,8945,7.2,6.498471192463358,0.7015288075366426
4.073387,0.127707,19941,5.3,6.427342020710995,1.1273420207109952
4.021808,0.365598,9070,7.8,6.498260324600492,1.3017396753995074
